timestamp,volume,price
2017-01-01,40570922.99,995.44
2017-01-02,66038073.34,1017.05
2017-01-03,56085870.7,1033.3
2017-01-04,170584623.04,1135.41
2017-01-05,244839289.77,989.35
2017-01-06,179160668.84,886.16
2017-01-07,113037531.71,888.87
2017-01-08,70298340.37,900.86
2017-01-09,55963281.18,899.78
2017-01-10,48644106.82,904.37
2017-01-11,160194109.8,785.43
2017-01-12,93986701.88,810.11
2017-01-13,72555875.62,824.83
2017-01-14,36594482.0,819.63
2017-01-15,20004735.1,821.17
2017-01-16,27592899.17,827.34
2017-01-17,72272727.15,899.66
2017-01-18,61042392.11,872.03
2017-01-19,52300814.98,895.21
2017-01-20,34847130.33,892.91
2017-01-21,37129176.59,919.84
2017-01-22,44074299.79,918.84
2017-01-23,30261054.5,921.46
2017-01-24,53468911.31,893.75
2017-01-25,34014866.15,894.41
2017-01-26,30795685.98,915.56
2017-01-27,28503144.41,918.01
2017-01-28,13251844.02,918.51
2017-01-29,10214368.33,914.55
2017-01-30,17604172.47,920.73
2017-01-31,51869216.53,965.49
2017-02-01,44035816.37,982.43
2017-02-02,50633910.56,1003.97
2017-02-03,62431017.97,1013.02
2017-02-04,40406542.54,1031.85
2017-02-05,31669956.98,1016.11
2017-02-06,32828350.27,1024.67
2017-02-07,41318349.43,1049.56
2017-02-08,68336320.22,1055.49
2017-02-09,145839317.48,978.96
2017-02-10,60639111.4,997.61
2017-02-11,28504495.1,1008.32
2017-02-12,14825023.07,996.52
2017-02-13,32785064.4,995.36
2017-02-14,39810076.3,1008.34
2017-02-15,23569549.45,1008.19
2017-02-16,39114743.32,1031.93
2017-02-17,47815360.54,1049.41
2017-02-18,26856521.18,1052.28
2017-02-19,18876881.86,1048.89
2017-02-20,32959720.15,1077.56
2017-02-21,62908569.43,1119.03
2017-02-22,53647453.34,1120.46
2017-02-23,75663167.44,1171.91
2017-02-24,126978010.75,1176.49
2017-02-25,53003830.46,1149.05
2017-02-26,35750258.05,1171.58
2017-02-27,42035366.64,1188.83
2017-02-28,60371869.57,1189.27
2017-03-01,61964760.57,1222.66
2017-03-02,98040639.32,1255.47
2017-03-03,85876262.86,1283.3
2017-03-04,48597934.9,1264.32
2017-03-05,32104972.38,1271.22
2017-03-06,39591110.81,1277.01
2017-03-07,108673876.49,1232.69
2017-03-08,116342973.91,1146.97
2017-03-09,70427061.57,1191.33
2017-03-10,223836041.81,1112.39
2017-03-11,82387198.06,1179.22
2017-03-12,53441762.07,1225.11
2017-03-13,74376298.14,1238.19
2017-03-14,56058617.23,1243.14
2017-03-15,54486699.63,1253.43
2017-03-16,159409024.53,1172.88
2017-03-17,183879768.71,1071.71
2017-03-18,212772055.65,971.38
2017-03-19,108128237.76,1022.6
2017-03-20,63833143.48,1047.51
2017-03-21,101051998.73,1121.29
2017-03-22,120730492.05,1044.72
2017-03-23,58898141.13,1035.03
2017-03-24,130042865.54,939.7
2017-03-25,118395054.45,966.3
2017-03-26,83255983.42,969.44
2017-03-27,92332221.14,1045.14
2017-03-28,83567551.46,1044.42
2017-03-29,71261535.48,1041.9
2017-03-30,77633883.53,1037.91
2017-03-31,96543920.02,1079.11
2017-04-01,55020078.21,1086.12
2017-04-02,77853933.84,1097.4
2017-04-03,111870807.42,1147.56
2017-04-04,81164094.44,1141.77
2017-04-05,78335573.66,1129.87
2017-04-06,108182158.18,1188.7
2017-04-07,71184485.98,1190.49
2017-04-08,39393003.33,1180.78
2017-04-09,54498333.26,1204.34
2017-04-10,48473680.7,1206.71
2017-04-11,45563707.07,1220.74
2017-04-12,54699396.14,1212.53
2017-04-13,78456422.62,1176.2
2017-04-14,56129576.67,1177.33
2017-04-15,33877537.21,1176.99
2017-04-16,22538918.55,1176.8
2017-04-17,56095607.39,1194.01
2017-04-18,64900219.25,1206.09
2017-04-19,53034357.1,1215.2
2017-04-20,69223360.98,1238.09
2017-04-21,52498296.85,1249.64
2017-04-22,55776932.72,1240.89
2017-04-23,54224355.75,1249.14
2017-04-24,49281629.32,1248.18
2017-04-25,56659016.28,1264.31
2017-04-26,77649710.39,1286.63
2017-04-27,83319636.4,1332.91
2017-04-28,104536476.71,1329.62
2017-04-29,55982468.15,1336.28
2017-04-30,55470285.83,1351.91
2017-05-01,144414038.52,1415.81
2017-05-02,103342244.97,1445.93
2017-05-03,122551707.4,1485.55
2017-05-04,213084949.56,1516.76
2017-05-05,188015771.96,1507.77
2017-05-06,92747185.54,1545.29
2017-05-07,111708072.42,1554.45
2017-05-08,174687869.23,1664.47
2017-05-09,219169486.19,1697.5
2017-05-10,156203600.07,1752.31
2017-05-11,198829123.41,1819.29
2017-05-12,192159873.95,1686.39
2017-05-13,128390095.83,1763.74
2017-05-14,72874378.57,1772.55
2017-05-15,138499150.92,1708.92
2017-05-16,130379207.17,1729.34
2017-05-17,170954154.68,1801.3
2017-05-18,135901905.39,1880.99
2017-05-19,191523926.23,1962.0
2017-05-20,179346919.05,2040.18
2017-05-21,161036810.13,2044.19
2017-05-22,373482496.01,2124.41
2017-05-23,251969081.94,2272.58
2017-05-24,353734030.88,2445.28
2017-05-25,622139030.97,2307.22
2017-05-26,441342711.51,2244.89
2017-05-27,446034004.02,2052.43
2017-05-28,266766116.87,2189.02
2017-05-29,204101576.11,2278.21
2017-05-30,270069146.9,2192.55
2017-05-31,261223035.96,2303.34
2017-06-01,290070431.91,2412.65
2017-06-02,199765372.83,2492.6
2017-06-03,177168595.51,2545.43
2017-06-04,149060810.38,2524.06
2017-06-05,225611887.49,2704.96
2017-06-06,538772473.78,2870.5
2017-06-07,340329903.73,2691.51
2017-06-08,260898606.12,2798.78
2017-06-09,189237110.88,2811.43
2017-06-10,246869682.08,2900.25
2017-06-11,241516660.76,2973.45
2017-06-12,585158909.87,2656.77
2017-06-13,314476276.72,2712.99
2017-06-14,448294279.42,2467.27
2017-06-15,606264366.01,2442.46
2017-06-16,286630757.58,2508.58
2017-06-17,246698591.9,2655.1
2017-06-18,235239296.33,2539.56
2017-06-19,210372750.85,2616.82
2017-06-20,300034010.58,2754.38
2017-06-21,313234721.45,2677.62
2017-06-22,210318780.96,2722.84
2017-06-23,155303414.19,2710.37
2017-06-24,228007287.01,2590.05
2017-06-25,220679135.83,2541.62
2017-06-26,401912134.89,2446.05
2017-06-27,381517099.87,2583.75
2017-06-28,279792448.24,2577.74
2017-06-29,191733499.8,2558.37
2017-06-30,183878856.3,2480.61
2017-07-01,160661673.8,2424.61
2017-07-02,165839565.2,2536.46
2017-07-03,212244951.2,2572.47
2017-07-04,210433639.12,2617.32
2017-07-05,232257106.93,2627.86
2017-07-06,156558009.83,2614.24
2017-07-07,229168229.22,2513.88
2017-07-08,136973389.49,2564.86
2017-07-09,99506518.51,2511.43
2017-07-10,297270301.0,2344.02
2017-07-11,341998621.09,2324.29
2017-07-12,257095280.13,2403.09
2017-07-13,208630220.69,2362.44
2017-07-14,257704533.44,2234.17
2017-07-15,320719096.8,1975.08
2017-07-16,364287861.72,1914.09
2017-07-17,368366495.35,2233.39
2017-07-18,465220151.81,2320.23
2017-07-19,357639189.58,2282.58
2017-07-20,807416890.88,2866.02
2017-07-21,529154789.97,2675.08
2017-07-22,341992860.2,2836.53
2017-07-23,299869260.34,2756.61
2017-07-24,229047365.02,2763.42
2017-07-25,534765380.75,2582.58
2017-07-26,340465234.92,2559.21
2017-07-27,269880857.99,2691.88
2017-07-28,383479795.74,2806.75
2017-07-29,230818894.97,2733.5
2017-07-30,222933516.31,2766.49
2017-07-31,254836601.62,2883.27
2017-08-01,341216428.6,2746.99
2017-08-02,222534344.58,2720.53
2017-08-03,188517085.91,2809.99
2017-08-04,195800289.46,2878.49
2017-08-05,503737620.4,3262.8
2017-08-06,196484496.53,3232.03
2017-08-07,294021645.24,3401.91
2017-08-08,366169429.25,3429.38
2017-08-09,324058681.71,3348.79
2017-08-10,242024460.29,3425.67
2017-08-11,345135492.36,3654.37
2017-08-12,469532325.43,3871.62
2017-08-13,638917500.34,4062.6
2017-08-14,540927757.84,4327.94
2017-08-15,872840682.33,4161.66
2017-08-16,472960334.46,4387.4
2017-08-17,554232802.49,4278.92
2017-08-18,603898315.45,4105.37
2017-08-19,462723151.89,4150.45
2017-08-20,288193446.22,4066.6
2017-08-21,365174045.82,4005.1
2017-08-22,659657838.92,4089.7
2017-08-23,402340258.48,4141.09
2017-08-24,305373477.79,4318.35
2017-08-25,362283252.98,4364.41
2017-08-26,199403922.82,4352.3
2017-08-27,185180843.1,4345.75
2017-08-28,325285703.33,4390.31
2017-08-29,455467850.19,4597.31
2017-08-30,313466398.12,4583.02
2017-08-31,338981145.1,4735.11
2017-09-01,491140364.58,4921.85
2017-09-02,747713818.1,4573.8
2017-09-03,470135795.37,4612.92
2017-09-04,737216060.51,4267.45
2017-09-05,673846827.74,4409.08
2017-09-06,504717245.65,4618.71
2017-09-07,324939872.82,4635.6
2017-09-08,786819863.5,4326.45
2017-09-09,332195251.06,4335.13
2017-09-10,451244396.53,4245.89
2017-09-11,375254125.16,4217.9
2017-09-12,453402207.42,4158.92
2017-09-13,728385231.78,3870.29
2017-09-14,1118258889.56,3243.08
2017-09-15,1519153953.02,3713.76
2017-09-16,627559216.22,3698.92
2017-09-17,351250484.2,3689.61
2017-09-18,586938661.3,4100.28
2017-09-19,488897829.62,3907.96
2017-09-20,342438072.5,3882.16
2017-09-21,543570164.08,3617.27
2017-09-22,414612501.81,3600.83
2017-09-23,253370774.72,3788.02
2017-09-24,183852135.74,3667.52
2017-09-25,386674961.65,3932.83
2017-09-26,248481868.86,3892.7
2017-09-27,480358673.93,4212.2
2017-09-28,386909537.01,4195.65
2017-09-29,404599756.28,4172.79
2017-09-30,290796939.99,4360.62
2017-10-01,262485153.92,4403.09
2017-10-02,314621927.61,4401.32
2017-10-03,353046057.47,4314.18
2017-10-04,272424730.47,4218.66
2017-10-05,271914958.4,4321.44
2017-10-06,269878225.69,4371.94
2017-10-07,176332039.12,4435.81
2017-10-08,323063950.84,4611.7
2017-10-09,518586828.49,4777.49
2017-10-10,475717720.64,4763.36
2017-10-11,338533507.33,4824.2
2017-10-12,848641969.34,5432.62
2017-10-13,1211469140.96,5637.26
2017-10-14,434406119.95,5824.71
2017-10-15,571166215.25,5688.14
2017-10-16,349154669.33,5759.33
2017-10-17,368658284.35,5598.58
2017-10-18,654722509.03,5575.83
2017-10-19,469774559.06,5698.65
2017-10-20,729487923.01,5993.11
2017-10-21,684989667.22,6006.65
2017-10-22,618893096.8,5982.86
2017-10-23,801148315.46,5903.61
2017-10-24,811951129.66,5513.08
2017-10-25,585738379.88,5734.0
2017-10-26,547664553.57,5887.61
2017-10-27,488283724.04,5764.56
2017-10-28,305611140.99,5726.61
2017-10-29,966990808.93,6147.52
2017-10-30,481600502.95,6124.28
2017-10-31,637838767.02,6451.24
2017-11-01,869798619.79,6737.78
2017-11-02,1663170039.86,7024.81
2017-11-03,1120978013.29,7152.12
2017-11-04,773371754.85,7363.8
2017-11-05,789287755.18,7389.55
2017-11-06,1148125488.89,6959.23
2017-11-07,716798409.14,7102.75
2017-11-08,1632547465.88,7444.36
2017-11-09,915963933.06,7129.59
2017-11-10,1513421266.51,6565.8
2017-11-11,878096915.35,6339.86
2017-11-12,1629165385.9,5878.13
2017-11-13,1135256036.03,6522.45
2017-11-14,634604991.54,6597.06
2017-11-15,922959468.47,7283.22
2017-11-16,1010130763.21,7853.68
2017-11-17,917599923.24,7699.95
2017-11-18,571121111.0,7780.91
2017-11-19,541391321.61,8042.64
2017-11-20,617354329.03,8244.69
2017-11-21,938345413.24,8099.97
2017-11-22,539697375.37,8234.55
2017-11-23,555465146.26,8013.41
2017-11-24,595710405.8,8200.8
2017-11-25,718483679.6,8754.69
2017-11-26,782499976.71,9318.42
2017-11-27,1025175619.87,9733.2
2017-11-28,865328615.73,9906.04
2017-11-29,2418792360.6,9837.86
2017-11-30,1836210107.31,9946.76
2017-12-01,1353669597.43,10861.47
2017-12-02,950474241.58,10912.73
2017-12-03,1380012064.12,11246.21
2017-12-04,1057859226.18,11623.91
2017-12-05,1048839303.8,11667.13
2017-12-06,2437037791.81,13749.57
2017-12-07,4510225316.19,16850.31
2017-12-08,4546014731.58,16047.61
2017-12-09,2699876215.33,14843.42
2017-12-10,2904037859.64,15059.6
2017-12-11,2634267594.52,16732.47
2017-12-12,2246138895.89,17083.9
2017-12-13,2576055941.69,16286.82
2017-12-14,1773813863.46,16467.91
2017-12-15,2682351213.91,17604.85
2017-12-16,2078806368.79,19345.49
2017-12-17,2264650369.71,19065.71
2017-12-18,2597510049.89,18972.32
2017-12-19,3136709262.09,17523.7
2017-12-20,3791752510.78,16461.97
2017-12-21,2619295475.76,15632.12
2017-12-22,6245731508.4,13664.97
2017-12-23,2491903154.48,14396.46
2017-12-24,2428437693.16,13789.95
2017-12-25,1487888106.52,13833.49
2017-12-26,2198577125.17,15756.56
2017-12-27,2162831128.76,15416.64
2017-12-28,2425912717.56,14398.7
2017-12-29,1733583750.2,14392.57
2017-12-30,2387311023.42,12531.52
2017-12-31,1492142483.58,13850.4
2018-01-01,1057521524.42,13444.88
2018-01-02,1956783037.35,14754.13
2018-01-03,1604206990.04,15156.62
2018-01-04,1656714736.62,15180.08
2018-01-05,2283988962.92,16954.78
2018-01-06,1412703790.73,17172.3
2018-01-07,1309532650.11,16228.16
2018-01-08,2166366561.33,14976.17
2018-01-09,1486802326.34,14468.5
2018-01-10,2025083791.13,14919.49
2018-01-11,2373494121.74,13308.06
2018-01-12,1402292716.89,13841.19
2018-01-13,1021352776.21,14243.12
2018-01-14,1112590573.36,13638.63
2018-01-15,1170462750.59,13631.98
2018-01-16,3842651741.45,11282.49
2018-01-17,3666978316.26,11162.7
2018-01-18,2357251805.09,11175.52
2018-01-19,1264875700.45,11521.76
2018-01-20,1492721765.44,12783.94
2018-01-21,1552755289.93,11549.93
2018-01-22,1811992345.95,10814.52
2018-01-23,1710180828.64,10858.23
2018-01-24,1286435482.05,11429.02
2018-01-25,1061064251.44,11175.87
2018-01-26,1560135332.27,11104.2
2018-01-27,1031091633.68,11459.71
2018-01-28,1038153169.8,11767.74
2018-01-29,920836244.04,11233.95
2018-01-30,1720894077.2,10107.26
2018-01-31,1230902973.11,10226.86
2018-02-01,1964308989.29,9114.72
2018-02-02,2768759876.15,8870.82
2018-02-03,1253484523.4,9251.27
2018-02-04,1413207410.82,8218.05
2018-02-05,2534149181.03,6937.08
2018-02-06,3397596513.74,7701.25
2018-02-07,2159765331.36,7592.72
2018-02-08,1594673973.51,8260.69
2018-02-09,1348072086.15,8696.83
2018-02-10,1348923336.33,8569.29
2018-02-11,1013771945.88,8084.61
2018-02-12,1085921871.17,8911.27
2018-02-13,853320352.71,8544.69
2018-02-14,1220863360.18,9485.64
2018-02-15,1666668487.88,10033.75
2018-02-16,1061827697.26,10188.73
2018-02-17,1327921168.02,11097.21
2018-02-18,1659704217.34,10417.23
2018-02-19,1186535653.61,11182.28
2018-02-20,1640343867.77,11256.43
2018-02-21,1982721124.63,10481.66
2018-02-22,1795951829.82,9847.96
2018-02-23,1399448203.16,10175.51
2018-02-24,1244484468.57,9705.73
2018-02-25,793093192.66,9610.11
2018-02-26,1181729273.47,10326.5
2018-02-27,1060840699.02,10594.76
2018-02-28,1126074675.67,10334.44
2018-03-01,952472120.03,10929.37
2018-03-02,852908489.64,11043.12
2018-03-03,812200126.22,11465.36
2018-03-04,690727335.55,11504.42
2018-03-05,791471905.1,11440.73
2018-03-06,1210081181.36,10735.45
2018-03-07,1858869115.0,9928.56
2018-03-08,1492236089.97,9316.72
2018-03-09,2081621422.7,9252.76
2018-03-10,1084925795.69,8797.27
2018-03-11,1374814644.2,9544.84
2018-03-12,1435404200.39,9142.15
2018-03-13,1228556284.3,9160.12
2018-03-14,1385572511.72,8217.7
2018-03-15,1519850464.55,8268.41
2018-03-16,1082790136.53,8283.23
2018-03-17,901939422.97,7883.45
2018-03-18,1535519444.95,8215.4
2018-03-19,1447812723.08,8623.14
2018-03-20,1150462439.42,8920.71
2018-03-21,991376396.96,8911.35
2018-03-22,1023286566.15,8724.98
2018-03-23,939997284.45,8934.8
2018-03-24,827663165.33,8548.06
2018-03-25,657643520.26,8472.84
2018-03-26,1079038734.78,8152.2
2018-03-27,930754990.52,7808.48
2018-03-28,657712114.92,7959.78
2018-03-29,1379180030.3,7106.62
2018-03-30,1584675343.21,6853.76
2018-03-31,915400590.57,6943.77
2018-04-01,889887684.72,6835.84
2018-04-02,748861435.14,7074.6
2018-04-03,905326798.64,7434.3
2018-04-04,877199782.17,6815.5
2018-04-05,777145174.76,6790.45
2018-04-06,605651287.47,6634.86
2018-04-07,564883141.53,6917.2
2018-04-08,425825572.09,7049.92
2018-04-09,901883664.92,6789.53
2018-04-10,424510977.27,6871.07
2018-04-11,450141340.22,6977.13
2018-04-12,1490759969.77,7927.73
2018-04-13,1171435820.59,7899.11
2018-04-14,537286381.88,8022.51
2018-04-15,570527804.56,8376.73
2018-04-16,713471956.84,8079.77
2018-04-17,580880500.84,7921.63
2018-04-18,593500791.64,8189.96
2018-04-19,602099034.89,8301.82
2018-04-20,979994921.45,8877.08
2018-04-21,829073400.66,8935.72
2018-04-22,610183093.43,8823.36
2018-04-23,553892335.42,8968.25
2018-04-24,1276464750.74,9655.77
2018-04-25,1779806222.98,8873.62
2018-04-26,997427934.62,9282.12
2018-04-27,758182407.35,8938.47
2018-04-28,774111704.68,9351.47
2018-04-29,640931911.37,9407.04
2018-04-30,574099218.21,9248.45
2018-05-01,669555436.99,9077.28
2018-05-02,527488395.49,9232.19
2018-05-03,857646889.15,9745.04
2018-05-04,663887678.35,9699.61
2018-05-05,679872376.4,9845.9
2018-05-06,608650204.19,9644.92
2018-05-07,692580062.51,9377.81
2018-05-08,673924125.29,9196.13
2018-05-09,625495066.08,9321.16
2018-05-10,629850604.12,9032.22
2018-05-11,1176888629.2,8421.0
2018-05-12,783972252.35,8486.67
2018-05-13,525395861.86,8709.46
2018-05-14,874543293.99,8672.9
2018-05-15,730739738.9,8480.16
2018-05-16,789660713.22,8344.78
2018-05-17,615539512.71,8071.04
2018-05-18,558167598.76,8247.91
2018-05-19,381458405.45,8249.24
2018-05-20,418898289.02,8533.0
2018-05-21,463653636.91,8419.65
2018-05-22,543342369.36,7992.75
2018-05-23,934151146.29,7505.77
2018-05-24,826278113.25,7584.74
2018-05-25,634474356.99,7475.36
2018-05-26,368322782.27,7355.06
2018-05-27,341348321.23,7362.23
2018-05-28,526854342.95,7118.88
2018-05-29,634849312.09,7474.75
2018-05-30,505870974.98,7393.02
2018-05-31,458223966.12,7502.15
2018-06-01,458687659.47,7530.55
2018-06-02,362414878.61,7643.26
2018-06-03,332313005.46,7719.75
2018-06-04,427448262.3,7503.2
2018-06-05,440337235.4,7629.4
2018-06-06,396116252.65,7661.79
2018-06-07,342475552.09,7700.11
2018-06-08,310119047.41,7627.52
2018-06-09,218013881.09,7513.69
2018-06-10,895514425.38,6773.72
2018-06-11,482788065.15,6887.37
2018-06-12,509372466.34,6556.94
2018-06-13,797087281.14,6310.43
2018-06-14,620296377.11,6643.26
2018-06-15,379228601.07,6396.71
2018-06-16,232802782.59,6503.1
2018-06-17,224575526.46,6457.78
2018-06-18,430241689.13,6714.82
2018-06-19,370797057.99,6741.28
2018-06-20,400530201.24,6761.27
2018-06-21,295690715.67,6720.64
2018-06-22,862826624.25,6051.47
2018-06-23,350697378.49,6166.54
2018-06-24,667479078.32,6157.78
2018-06-25,492834172.99,6260.35
2018-06-26,391396653.43,6088.39
2018-06-27,383457137.86,6141.57
2018-06-28,385907044.98,5871.28
2018-06-29,554799001.51,6203.8
2018-06-30,419284677.69,6385.38
2018-07-01,259708490.63,6339.04
2018-07-02,465915661.24,6615.66
2018-07-03,356390898.98,6509.58
2018-07-04,412202352.61,6590.06
2018-07-05,421189063.01,6534.81
2018-07-06,310759733.14,6602.02
2018-07-07,277167900.06,6758.08
2018-07-08,268455446.1,6707.38
2018-07-09,328316145.78,6668.84
2018-07-10,470432142.71,6306.85
2018-07-11,327667754.35,6394.36
2018-07-12,409078182.65,6253.6
2018-07-13,319802271.97,6229.83
2018-07-14,174416786.37,6268.75
2018-07-15,218543291.78,6364.26
2018-07-16,494264915.91,6740.55
2018-07-17,799401451.35,7326.7
2018-07-18,788460811.94,7383.39
2018-07-19,522544440.45,7477.5
2018-07-20,603034414.79,7333.93
2018-07-21,297440355.21,7405.4
2018-07-22,355565264.85,7398.64
2018-07-23,745533303.01,7718.0
2018-07-24,1166560702.13,8395.82
2018-07-25,736530740.43,8170.23
2018-07-26,643953970.45,7937.25
2018-07-27,646256012.09,8182.89
2018-07-28,295872316.42,8230.87
2018-07-29,280233415.98,8216.78
2018-07-30,681120739.99,8176.06
2018-07-31,765186307.24,7735.3
2018-08-01,595404848.88,7610.9
2018-08-02,424093581.76,7542.34
2018-08-03,586982505.83,7417.6
2018-08-04,534002935.97,7017.89
2018-08-05,368914046.39,7042.39
2018-08-06,410408444.75,6945.78
2018-08-07,575690006.27,6723.21
2018-08-08,838853615.89,6285.02
2018-08-09,575748446.38,6543.24
2018-08-10,639457019.98,6153.41
2018-08-11,545722619.11,6242.54
2018-08-12,366460108.69,6322.92
2018-08-13,452431672.68,6263.2
2018-08-14,759847789.73,6199.6
2018-08-15,852103141.83,6274.22
2018-08-16,454679037.36,6323.81
2018-08-17,477089455.56,6591.16
2018-08-18,336744293.81,6405.71
2018-08-19,253984821.8,6502.18
2018-08-20,397981291.82,6269.9
2018-08-21,396746063.37,6491.11
2018-08-22,764005011.18,6366.13
2018-08-23,340811486.77,6538.95
2018-08-24,382456858.97,6708.96
2018-08-25,258296664.16,6749.56
2018-08-26,265820591.17,6720.6
2018-08-27,405769271.5,6915.73
2018-08-28,487789642.0,7091.38
2018-08-29,356139022.3,7052.0
2018-08-30,425475685.56,6998.76
2018-08-31,349131152.81,7026.96
2018-09-01,300301833.39,7203.46
2018-09-02,447453370.83,7301.26
2018-09-03,309327793.27,7270.05
2018-09-04,343762001.58,7369.86
2018-09-05,797851163.66,6705.03
2018-09-06,823309044.3,6515.42
2018-09-07,344487244.01,6411.78
2018-09-08,317380272.09,6200.16
2018-09-09,244400344.41,6249.07
2018-09-10,320435279.61,6324.43
2018-09-11,324512939.85,6295.54
2018-09-12,332537236.17,6337.11
2018-09-13,425090869.76,6492.0
2018-09-14,377989402.01,6486.01
2018-09-15,208349557.0,6522.08
2018-09-16,200545603.1,6502.44
2018-09-17,399675966.34,6261.48
2018-09-18,348485895.37,6346.44
2018-09-19,452379323.08,6398.8
2018-09-20,301619960.91,6505.9
2018-09-21,569642976.25,6762.06
2018-09-22,261159308.22,6716.6
2018-09-23,169080003.37,6702.7
2018-09-24,324660682.66,6583.53
2018-09-25,420279170.44,6437.74
2018-09-26,264402806.65,6462.6
2018-09-27,345096700.08,6686.13
2018-09-28,497340510.07,6635.38
2018-09-29,245055396.51,6603.75
2018-09-30,174302164.09,6623.71
2018-10-01,256959931.63,6594.98
2018-10-02,267166277.79,6525.47
2018-10-03,306385346.59,6492.26
2018-10-04,277614018.45,6579.79
2018-10-05,262562344.98,6632.87
2018-10-06,162722103.98,6589.94
2018-10-07,179378859.39,6601.15
2018-10-08,313507433.75,6650.07
2018-10-09,213976678.23,6631.79
2018-10-10,323664963.18,6581.07
2018-10-11,654924117.8,6209.47
2018-10-12,289840137.45,6250.85
2018-10-13,137705035.59,6267.27
2018-10-14,215422888.18,6277.73
2018-10-15,1190524168.21,6612.36
2018-10-16,324232509.78,6583.05
2018-10-17,220418636.64,6574.52
2018-10-18,331761115.45,6488.72
2018-10-19,237855085.41,6469.28
2018-10-20,127185847.78,6490.56
2018-10-21,105283929.06,6509.87
2018-10-22,202766914.4,6483.23
2018-10-23,220913293.6,6470.22
2018-10-24,222068131.83,6476.25
2018-10-25,231214963.95,6462.77
2018-10-26,215447656.36,6457.21
2018-10-27,124066466.34,6470.17
2018-10-28,109118160.99,6470.74
2018-10-29,342463526.52,6313.91
2018-10-30,269592154.08,6309.11
2018-10-31,245357244.49,6342.61
2018-11-01,199861220.45,6381.3
2018-11-02,179385606.7,6394.66
2018-11-03,183565304.27,6376.32
2018-11-04,175805188.92,6467.05
2018-11-05,155758902.3,6433.74
2018-11-06,239808254.25,6479.72
2018-11-07,360052788.55,6529.68
2018-11-08,273205386.68,6446.06
2018-11-09,237893036.71,6377.99
2018-11-10,94313328.59,6396.37
2018-11-11,130156001.58,6408.18
2018-11-12,181575610.86,6375.08
2018-11-13,227689745.72,6339.17
2018-11-14,1045469380.16,5741.47
2018-11-15,820864013.96,5647.5
2018-11-16,397196182.83,5586.27
2018-11-17,164182152.19,5568.94
2018-11-18,233409182.46,5615.26
2018-11-19,1072037780.45,4809.62
2018-11-20,1433400842.16,4441.81
2018-11-21,686284917.84,4593.04
2018-11-22,376852837.57,4320.68
2018-11-23,521825987.75,4343.42
2018-11-24,503028289.39,3854.11
2018-11-25,819869496.19,4004.15
2018-11-26,715341714.72,3784.59
2018-11-27,555212127.53,3822.99
2018-11-28,726808596.57,4263.55
2018-11-29,479575430.64,4286.69
2018-11-30,497762735.43,4009.67
2018-12-01,280927570.31,4197.46
2018-12-02,262154694.41,4143.86
2018-12-03,423985399.83,3871.41
2018-12-04,373361232.89,3948.44
2018-12-05,320944415.67,3737.53
2018-12-06,590923562.42,3485.18
2018-12-07,699930576.16,3420.57
2018-12-08,357548590.53,3461.07
2018-12-09,295321498.63,3592.84
2018-12-10,287119758.11,3467.16
2018-12-11,230671778.42,3401.02
2018-12-12,257293632.74,3485.59
2018-12-13,286236674.73,3305.11
2018-12-14,290985461.02,3235.48
2018-12-15,165378769.6,3232.51
2018-12-16,148182655.41,3255.37
2018-12-17,412454521.38,3548.19
2018-12-18,327807644.75,3715.85
2018-12-19,620695447.39,3736.54
2018-12-20,724855205.51,4137.66
2018-12-21,516656937.13,3898.81
2018-12-22,250085915.72,4045.24
2018-12-23,235997621.23,4007.63
2018-12-24,459290147.24,4081.95
2018-12-25,367200910.64,3834.73
2018-12-26,263439573.84,3848.78
2018-12-27,305729129.14,3646.09
2018-12-28,353705007.17,3947.86
2018-12-29,214891355.42,3797.06
2018-12-30,191958416.81,3896.21
2018-12-31,206190463.74,3747.39
2019-01-01,170598307.96,3880.15
2019-01-02,210854603.84,3961.01
2019-01-03,176488072.06,3835.86
2019-01-04,170507611.15,3874.06
2019-01-05,139438510.18,3855.39
2019-01-06,236298043.75,4102.85
2019-01-07,209289368.14,4050.4
2019-01-08,268091045.44,4040.75
2019-01-09,223639028.92,4048.34
2019-01-10,412522198.13,3668.15
2019-01-11,231465488.1,3669.2
2019-01-12,103912541.38,3664.38
2019-01-13,164125048.97,3551.24
2019-01-14,204793029.92,3703.9
2019-01-15,198582447.53,3621.24
2019-01-16,196211595.54,3643.99
2019-01-17,168287506.1,3685.3
2019-01-18,118317804.97,3648.05
2019-01-19,143238228.4,3729.78
2019-01-20,177628515.93,3567.73
2019-01-21,129000924.6,3571.92
2019-01-22,191355241.84,3602.04
2019-01-23,135864247.56,3572.05
2019-01-24,113155246.95,3598.52
2019-01-25,116674680.78,3582.89
2019-01-26,105927045.55,3596.5
2019-01-27,93766117.67,3565.08
2019-01-28,206309738.62,3453.42
2019-01-29,158106687.0,3418.25
2019-01-30,146422486.1,3467.21
2019-01-31,128773893.15,3434.13
2019-02-01,144476056.44,3461.63
2019-02-02,94144187.11,3508.68
2019-02-03,79591219.11,3449.62
2019-02-04,82280894.52,3431.24
2019-02-05,84042727.18,3447.66
2019-02-06,150408587.85,3394.89
2019-02-07,97390901.92,3375.33
2019-02-08,317023029.42,3660.03
2019-02-09,94200588.34,3652.26
2019-02-10,109365095.98,3685.14
2019-02-11,146354074.39,3611.34
2019-02-12,164816438.53,3617.41
2019-02-13,146822348.57,3605.87
2019-02-14,117804856.32,3588.72
2019-02-15,130398989.33,3593.49
2019-02-16,86973822.79,3617.24
2019-02-17,134218331.16,3670.92
2019-02-18,376203280.43,3912.57
2019-02-19,292137057.43,3924.24
2019-02-20,209282292.49,3974.05
2019-02-21,187314178.85,3937.04
2019-02-22,170405341.81,3983.53
2019-02-23,231174632.28,4149.09
2019-02-24,319071544.94,3771.62
2019-02-25,185036583.31,3845.51
2019-02-26,126868886.89,3817.88
2019-02-27,175069054.72,3830.72
2019-02-28,170646670.66,3823.37
2019-03-01,101774924.71,3831.48
2019-03-02,73894412.97,3842.94
2019-03-03,64065044.79,3812.31
2019-03-04,147245676.28,3731.28
2019-03-05,165062256.27,3874.18
2019-03-06,129520549.49,3874.98
2019-03-07,146201726.67,3882.61
2019-03-08,153405087.61,3868.02
2019-03-09,108370246.04,3947.74
2019-03-10,68252920.53,3929.84
2019-03-11,126998648.6,3874.89
2019-03-12,130291591.54,3888.57
2019-03-13,108286926.77,3878.44
2019-03-14,133931876.12,3881.44
2019-03-15,125588541.02,3927.08
2019-03-16,166216280.52,4027.01
2019-03-17,68146133.16,3998.0
2019-03-18,109428478.54,3988.85
2019-03-19,118919147.36,4024.14
2019-03-20,148490744.9,4056.75
2019-03-21,178077036.22,3996.93
2019-03-22,90726555.79,4000.84
2019-03-23,74094017.72,4007.21
2019-03-24,64375076.75,3994.11
2019-03-25,136398998.18,3924.55
2019-03-26,93805733.55,3942.22
2019-03-27,149005782.26,4045.98
2019-03-28,102296341.19,4036.45
2019-03-29,170915132.77,4111.38
2019-03-30,102400533.82,4118.13
2019-03-31,56727425.19,4112.69
2019-04-01,152826759.02,4151.32
2019-04-02,814748125.73,4906.93
2019-04-03,809158339.99,4976.59
2019-04-04,370109007.61,4913.36
2019-04-05,280722247.3,5047.23
2019-04-06,275839573.8,5057.25
2019-04-07,243329883.48,5201.16
2019-04-08,366577921.18,5294.09
2019-04-09,253577595.39,5201.3
2019-04-10,349643837.46,5318.6
2019-04-11,356811374.12,5048.56
2019-04-12,220667543.59,5081.5
2019-04-13,118956124.9,5080.66
2019-04-14,108148233.81,5165.59
2019-04-15,205867031.18,5037.27
2019-04-16,207311534.31,5212.81
2019-04-17,194699629.15,5236.26
2019-04-18,187312150.44,5289.75
2019-04-19,158699049.55,5295.53
2019-04-20,123577001.56,5326.18
2019-04-21,134681237.4,5305.74
2019-04-22,242498187.66,5394.67
2019-04-23,368556751.66,5539.1
2019-04-24,339093001.24,5454.58
2019-04-25,374798664.87,5162.67
2019-04-26,366773360.18,5234.09
2019-04-27,113430273.96,5229.48
2019-04-28,133564683.52,5272.45
2019-04-29,167206787.27,5237.96
2019-04-30,172540196.26,5350.64
2019-05-01,147345369.73,5389.54
2019-05-02,192256639.91,5500.72
2019-05-03,432335283.61,5753.38
2019-05-04,263390273.68,5840.08
2019-05-05,147662500.76,5794.14
2019-05-06,200316185.51,5748.17
2019-05-07,353043890.95,5819.57
2019-05-08,241917027.36,5998.71
2019-05-09,310336580.16,6171.96
2019-05-10,430403405.14,6358.29
2019-05-11,933141315.95,7191.36
2019-05-12,1023203366.46,6977.63
2019-05-13,1140302646.6,7806.36
2019-05-14,976094121.29,7980.13
2019-05-15,694202804.31,8183.83
2019-05-16,762104107.69,7874.11
2019-05-17,1023961962.83,7371.96
2019-05-18,303317486.98,7266.08
2019-05-19,723011166.2,8193.14
2019-05-20,637617163.27,7998.29
2019-05-21,357803946.85,7947.93
2019-05-22,424501866.33,7626.89
2019-05-23,386766321.19,7876.5
2019-05-24,413162746.86,7996.4
2019-05-25,179206342.03,8059.13
2019-05-26,483663699.62,8726.23
2019-05-27,507164714.76,8785.17
2019-05-28,360752199.95,8718.85
2019-05-29,380343928.72,8664.56
2019-05-30,815525590.67,8276.25
2019-05-31,502056527.56,8550.67
2019-06-01,229736992.43,8555.87
2019-06-02,221708083.06,8737.91
2019-06-03,534972187.72,8114.49
2019-06-04,809220381.24,7677.47
2019-06-05,387021977.02,7791.29
2019-06-06,342084400.02,7807.36
2019-06-07,407241297.23,8002.63
2019-06-08,186055499.51,7933.78
2019-06-09,234551796.21,7643.44
2019-06-10,339520552.04,8021.0
2019-06-11,282632009.38,7917.32
2019-06-12,399065678.38,8174.14
2019-06-13,315594036.87,8235.57
2019-06-14,424131990.84,8693.96
2019-06-15,333656492.38,8853.56
2019-06-16,767025702.52,8979.18
2019-06-17,606269265.79,9336.01
2019-06-18,473016555.83,9081.71
2019-06-19,293070485.25,9280.54
2019-06-20,424436854.57,9536.85
2019-06-21,765543626.6,10218.87
2019-06-22,1240328392.49,10689.54
2019-06-23,619160985.99,10855.99
2019-06-24,565444720.43,11035.74
2019-06-25,953962631.15,11740.34
2019-06-26,2685872365.1,12913.28
2019-06-27,2345027203.81,11154.09
2019-06-28,1408438810.31,12355.06
2019-06-29,968516834.6,11884.1
2019-06-30,917158052.37,10769.05
2019-07-01,1225129699.57,10591.87
2019-07-02,1239524970.43,10844.13
2019-07-03,1313585829.89,11981.61
2019-07-04,831236841.56,11156.52
2019-07-05,734424868.07,10993.25
2019-07-06,549769169.13,11248.94
2019-07-07,418161890.29,11474.28
2019-07-08,762033323.29,12296.16
2019-07-09,993891866.34,12567.02
2019-07-10,1554955347.89,12099.12
2019-07-11,1185222449.66,11343.12
2019-07-12,647690095.15,11797.37
2019-07-13,668325183.28,11363.97
2019-07-14,814667763.32,10204.41
2019-07-15,965178341.63,10850.26
2019-07-16,1140137759.72,9423.44
2019-07-17,965256823.84,9696.15
2019-07-18,1033842556.65,10638.35
2019-07-19,658190962.53,10532.94
2019-07-20,608954333.23,10759.42
2019-07-21,405339891.1,10586.71
2019-07-22,524442852.25,10325.87
2019-07-23,529438124.08,9854.15
2019-07-24,531611909.42,9772.14
2019-07-25,403576364.36,9882.43
2019-07-26,312717110.04,9847.45
2019-07-27,512612117.07,9478.32
2019-07-28,267243770.14,9531.77
2019-07-29,299936368.39,9506.93
2019-07-30,276402322.56,9595.52
2019-07-31,416343142.53,10089.25
2019-08-01,442037342.05,10409.79
2019-08-02,463688251.79,10528.99
2019-08-03,367536516.75,10820.41
2019-08-04,431699306.35,10978.91
2019-08-05,870917186.96,11807.96
2019-08-06,949534020.01,11467.1
2019-08-07,834719365.81,11974.28
2019-08-08,588463519.89,11982.8
2019-08-09,464214586.73,11865.21
2019-08-10,470049694.45,11293.59
2019-08-11,292814721.19,11549.06
2019-08-12,229908138.9,11387.41
2019-08-13,483240069.77,10872.0
2019-08-14,728247545.72,10031.89
2019-08-15,842979140.9,10308.51
2019-08-16,635040831.46,10360.43
2019-08-17,251018339.59,10220.75
2019-08-18,223456175.83,10326.25
2019-08-19,426168059.98,10922.16
2019-08-20,332208752.04,10770.76
2019-08-21,584554031.67,10131.67
2019-08-22,380411207.72,10104.11
2019-08-23,324471966.33,10410.49
2019-08-24,283755017.73,10150.07
2019-08-25,259448931.12,10141.75
2019-08-26,437989368.7,10364.91
2019-08-27,269489962.47,10175.47
2019-08-28,486936428.33,9722.83
2019-08-29,406305621.25,9492.81
2019-08-30,276606372.89,9587.25
2019-08-31,148320616.41,9624.54
2019-09-01,149995549.7,9768.36
2019-09-02,429220162.8,10387.5
2019-09-03,550564712.84,10625.1
2019-09-04,436210232.43,10585.2
2019-09-05,253210793.56,10556.16
2019-09-06,577987384.8,10309.91
2019-09-07,197436363.34,10491.96
2019-09-08,198370974.82,10420.88
2019-09-09,340516851.61,10314.88
2019-09-10,266382297.99,10109.46
2019-09-11,283998084.25,10165.01
2019-09-12,275877681.63,10428.96
2019-09-13,251594742.18,10372.29
2019-09-14,161565882.04,10365.56
2019-09-15,120645589.34,10313.02
2019-09-16,280632567.99,10271.79
2019-09-17,221966422.11,10198.62
2019-09-18,221697128.61,10163.38
2019-09-19,456963432.6,10281.03
2019-09-20,213229233.56,10176.38
2019-09-21,179453539.43,9988.38
2019-09-22,178007946.58,10036.98
2019-09-23,327752087.22,9694.6
2019-09-24,1084866143.86,8542.54
2019-09-25,631898763.59,8446.97
2019-09-26,652614929.72,8074.99
2019-09-27,390323710.89,8201.36
2019-09-28,244186983.17,8223.65
2019-09-29,226712656.15,8065.26
2019-09-30,407250929.38,8314.62
2019-10-01,355446344.41,8326.64
2019-10-02,205325219.19,8391.52
2019-10-03,250685863.87,8246.3
2019-10-04,214500278.91,8168.05
2019-10-05,141685742.42,8172.48
2019-10-06,239636660.01,7868.31
2019-10-07,321239400.73,8215.11
2019-10-08,173334218.05,8191.87
2019-10-09,398201725.27,8593.16
2019-10-10,250267419.87,8596.57
2019-10-11,326882172.42,8278.05
2019-10-12,92609964.73,8316.66
2019-10-13,168896951.15,8296.34
2019-10-14,146015532.85,8363.94
2019-10-15,205674618.32,8173.48
2019-10-16,274670310.13,8014.39
2019-10-17,175172893.7,8082.46
2019-10-18,221065928.44,7972.62
2019-10-19,143202359.39,7973.63
2019-10-20,205394286.06,8247.25
2019-10-21,188511539.86,8223.25
2019-10-22,200593851.39,8034.5
2019-10-23,457672451.42,7479.54
2019-10-24,213663114.76,7444.2
2019-10-25,656574822.36,8671.1
2019-10-26,1457875080.4,9258.98
2019-10-27,614726341.04,9550.6
2019-10-28,522287119.66,9222.23
2019-10-29,377872980.92,9432.86
2019-10-30,315824657.23,9169.86
2019-10-31,329788397.17,9157.52
2019-11-01,251360754.52,9260.59
2019-11-02,159847329.63,9311.99
2019-11-03,144662760.99,9221.61
2019-11-04,275923701.7,9421.54
2019-11-05,233491267.4,9323.61
2019-11-06,208985449.5,9347.27
2019-11-07,196879610.6,9208.52
2019-11-08,371135404.96,8772.31
2019-11-09,116025279.26,8822.19
2019-11-10,162649216.87,9045.85
2019-11-11,226035620.33,8726.31
2019-11-12,194901130.1,8815.14
2019-11-13,138900524.48,8773.82
2019-11-14,164630654.03,8640.42
2019-11-15,267441968.16,8468.57
2019-11-16,79597461.02,8498.94
2019-11-17,122271717.68,8515.28
2019-11-18,250358969.38,8190.16
2019-11-19,198180594.35,8133.57
2019-11-20,147086043.41,8093.6
2019-11-21,354377783.29,7632.59
2019-11-22,680349857.19,7292.2
2019-11-23,185099411.4,7339.24
2019-11-24,249710266.27,6930.09
2019-11-25,596056755.83,7138.23
2019-11-26,259675008.66,7170.11
2019-11-27,485895588.26,7531.5
2019-11-28,225350756.08,7442.33
2019-11-29,285280637.6,7769.38
2019-11-30,189533166.63,7571.77
2019-12-01,226245528.68,7420.53
2019-12-02,184009273.35,7320.94
2019-12-03,135997337.7,7313.64
2019-12-04,360525572.37,7207.78
2019-12-05,220875659.79,7406.75
2019-12-06,209851296.57,7558.58
2019-12-07,106572219.77,7514.86
2019-12-08,120000308.79,7539.7
2019-12-09,262161330.42,7350.62
2019-12-10,170419385.84,7233.84
2019-12-11,143267855.45,7212.01
2019-12-12,201666958.32,7199.39
2019-12-13,135777984.61,7261.72
2019-12-14,111796861.42,7080.29
2019-12-15,113742866.17,7132.39
2019-12-16,278223344.11,6897.33
2019-12-17,310739632.42,6635.84
2019-12-18,491429584.47,7294.53
2019-12-19,249541907.16,7159.26
2019-12-20,168963964.55,7203.41
2019-12-21,86864836.52,7159.47
2019-12-22,200586646.53,7517.58
2019-12-23,336425000.06,7326.6
2019-12-24,203013413.87,7260.91
2019-12-25,108513256.34,7202.72
2019-12-26,169067214.27,7207.23
2019-12-27,183588691.22,7253.82
2019-12-28,106581355.23,7316.23
2019-12-29,135257936.53,7399.49
2019-12-30,168180498.67,7234.44
2019-12-31,140384995.27,7183.88
2020-01-01,85986188.11,7189.94
2020-01-02,187393954.35,6965.72
2020-01-03,376690440.38,7339.7
2020-01-04,162106895.05,7357.5
2020-01-05,179147746.87,7359.96
2020-01-06,352286216.6,7762.69
2020-01-07,600054472.25,8160.36
2020-01-08,699004342.7,8045.15
2020-01-09,316199456.84,7817.35
2020-01-10,441131626.25,8190.31
2020-01-11,250060123.9,8024.58
2020-01-12,142197585.82,8181.49
2020-01-13,184437465.66,8106.56
2020-01-14,768098459.01,8820.95
2020-01-15,441186933.78,8813.21
2020-01-16,290989712.92,8719.63
2020-01-17,432856377.78,8894.83
2020-01-18,176837362.25,8909.28
2020-01-19,421483277.31,8702.59
2020-01-20,189247381.47,8634.03
2020-01-21,196404470.17,8724.84
2020-01-22,149906743.85,8667.26
2020-01-23,323273085.37,8394.28
2020-01-24,233502998.73,8431.78
2020-01-25,119345600.29,8345.88
2020-01-26,189985702.21,8602.37
2020-01-27,329416202.64,8898.94
2020-01-28,471220882.55,9391.97
2020-01-29,345265419.21,9286.18
2020-01-30,430815723.66,9501.38
2020-01-31,292627757.98,9342.23
2020-02-01,138614091.6,9384.45
2020-02-02,225322638.39,9334.25
2020-02-03,312315107.48,9288.96
2020-02-04,244997961.95,9171.98
2020-02-05,448381299.88,9611.42
2020-02-06,410313693.85,9755.84
2020-02-07,249852208.28,9808.36
2020-02-08,244352034.45,9898.25
2020-02-09,340301629.71,10157.78
2020-02-10,406256357.82,9858.03
2020-02-11,495614708.0,10269.43
2020-02-12,449510878.91,10347.93
2020-02-13,507955951.95,10233.32
2020-02-14,297409586.88,10360.37
2020-02-15,300819428.52,9905.43
2020-02-16,272176494.52,9925.51
2020-02-17,359702988.14,9702.48
2020-02-18,382869718.91,10182.6
2020-02-19,473100344.44,9602.43
2020-02-20,352949373.64,9608.8
2020-02-21,293546157.49,9697.86
2020-02-22,118171544.81,9671.46
2020-02-23,228093371.59,9977.39
2020-02-24,331102536.15,9664.21
2020-02-25,329372824.71,9316.18
2020-02-26,588359496.49,8793.5
2020-02-27,413657559.37,8821.5
2020-02-28,360795192.37,8719.29
2020-02-29,146455562.43,8545.45
2020-03-01,219324311.08,8549.38
2020-03-02,290280969.41,8919.74
2020-03-03,252211805.89,8765.68
2020-03-04,194233894.05,8773.78
2020-03-05,305196274.33,9074.82
2020-03-06,192168163.64,9160.39
2020-03-07,187063951.77,8903.72
2020-03-08,533371350.28,8057.67
2020-03-09,682781069.24,7944.4
2020-03-10,427332546.47,7894.66
2020-03-11,372704355.27,7945.36
2020-03-12,1769476928.68,4916.78
2020-03-13,1663092005.9,5632.58
2020-03-14,474539626.45,5181.77
2020-03-15,568696762.62,5357.02
2020-03-16,996661883.31,5045.0
2020-03-17,618671971.75,5337.66
2020-03-18,576456805.62,5413.06
2020-03-19,868668216.67,6184.88
2020-03-20,947038097.64,6206.44
2020-03-21,415771088.67,6195.43
2020-03-22,457211401.95,5828.15
2020-03-23,667919370.22,6503.53
2020-03-24,700444488.16,6767.18
2020-03-25,566264216.07,6694.21
2020-03-26,302121295.09,6757.95
2020-03-27,381303011.52,6382.8
2020-03-28,378476570.98,6252.49
2020-03-29,286789900.17,5882.2
2020-03-30,445848282.11,6403.31
2020-03-31,233613490.19,6423.61
2020-04-01,377164250.74,6663.63
2020-04-02,635319847.54,6804.42
2020-04-03,379639119.54,6743.68
2020-04-04,230044243.33,6875.95
2020-04-05,182019861.58,6781.64
2020-04-06,560075869.57,7347.22
2020-04-07,516422836.71,7201.57
2020-04-08,445330043.76,7367.37
2020-04-09,321287689.9,7294.55
2020-04-10,440132415.16,6876.49
2020-04-11,171352839.69,6887.6
2020-04-12,297514761.29,6913.76
2020-04-13,426458894.19,6859.43
2020-04-14,307409556.74,6879.44
2020-04-15,336722796.75,6629.54
2020-04-16,685621725.46,7114.55
2020-04-17,324325510.78,7037.12
2020-04-18,258251102.86,7264.29
2020-04-19,211422409.66,7132.88
2020-04-20,452319848.99,6842.45
2020-04-21,305844254.34,6855.11
2020-04-22,308254465.67,7135.41
2020-04-23,599195847.97,7489.25
2020-04-24,389027134.45,7509.44
2020-04-25,227962632.37,7546.92
2020-04-26,251857766.26,7701.35
2020-04-27,374439201.77,7787.41
2020-04-28,297442241.62,7760.32
2020-04-29,1324299206.24,8784.96
2020-04-30,1439132256.65,8637.56
2020-05-01,620133839.66,8829.12
2020-05-02,321429140.42,8981.11
2020-05-03,534161419.79,8907.19
2020-05-04,568639005.2,8881.65
2020-05-05,538111122.64,9029.75
2020-05-06,818515486.36,9153.2
2020-05-07,1213223439.69,9999.93
2020-05-08,907665361.58,9808.18
2020-05-09,580103588.21,9541.13
2020-05-10,1159765920.88,8735.05
2020-05-11,1259789388.45,8568.88
2020-05-12,580579256.62,8821.18
2020-05-13,622255318.55,9317.44
2020-05-14,936692997.58,9793.19
2020-05-15,798930933.92,9311.69
2020-05-16,348262438.61,9387.08
2020-05-17,505834872.59,9670.56
2020-05-18,606235218.3,9722.73
2020-05-19,587660019.81,9780.2
2020-05-20,593918718.08,9509.45
2020-05-21,798218781.95,9059.11
2020-05-22,405255700.32,9170.74
2020-05-23,217819517.42,9186.19
2020-05-24,412753415.47,8718.49
2020-05-25,386241517.98,8901.48
2020-05-26,352930782.24,8844.5
2020-05-27,381475134.6,9204.62
2020-05-28,530613444.11,9579.71
2020-05-29,379875666.16,9424.62
2020-05-30,235049817.45,9699.78
2020-05-31,212143031.97,9450.47
2020-06-01,435270237.66,10211.23
2020-06-02,812990990.27,9523.75
2020-06-03,316212538.78,9666.06
2020-06-04,418578381.27,9794.55
2020-06-05,406449067.36,9622.02
2020-06-06,221180782.78,9671.46
2020-06-07,374577294.36,9750.7
2020-06-08,318606275.83,9782.58
2020-06-09,376816490.4,9779.7
2020-06-10,395005942.58,9891.84
2020-06-11,827582593.73,9268.13
2020-06-12,384322097.92,9464.23
2020-06-13,156509665.57,9474.65
2020-06-14,181308843.48,9333.7
2020-06-15,616170633.01,9429.65
2020-06-16,378768702.55,9526.7
2020-06-17,325191529.46,9459.13
2020-06-18,236301644.47,9380.67
2020-06-19,295439171.8,9301.83
2020-06-20,182464228.19,9359.18
2020-06-21,123480945.26,9292.81
2020-06-22,393567343.68,9691.61
2020-06-23,296221140.11,9624.3
2020-06-24,461570781.81,9292.94
2020-06-25,435446758.27,9241.32
2020-06-26,371373315.29,9158.07
2020-06-27,254990739.33,9007.14
2020-06-28,179558602.81,9120.39
2020-06-29,283764928.26,9187.07
2020-06-30,213905502.74,9136.47
2020-07-01,274835041.39,9238.89
2020-07-02,343433369.43,9092.8
2020-07-03,198428092.21,9066.46
2020-07-04,147598290.89,9142.2
2020-07-05,159006413.09,9081.44
2020-07-06,340664721.17,9347.05
2020-07-07,239497399.36,9257.32
2020-07-08,350318105.76,9439.2
2020-07-09,280648694.08,9238.95
2020-07-10,224680670.05,9288.57
2020-07-11,108899834.63,9237.13
2020-07-12,151649367.79,9300.95
2020-07-13,240081841.21,9237.89
2020-07-14,238308476.7,9256.07
2020-07-15,216386874.26,9193.22
2020-07-16,254255550.28,9133.23
2020-07-17,187710134.42,9156.79
2020-07-18,109563331.59,9177.22
2020-07-19,117297958.15,9216.02
2020-07-20,171877002.63,9164.42
2020-07-21,337645738.93,9392.83
2020-07-22,281661129.12,9537.24
2020-07-23,415079930.39,9615.21
2020-07-24,323092524.09,9550.23
2020-07-25,233301043.7,9708.41
2020-07-26,417337407.31,9942.01
2020-07-27,1363674374.42,11042.94
2020-07-28,938667838.04,10933.26
2020-07-29,689206497.21,11112.04
2020-07-30,503563543.58,11113.66
2020-07-31,608151203.91,11352.72
2020-08-01,741252933.72,11812.42
2020-08-02,721639453.44,11063.5
2020-08-03,473995003.36,11234.73
2020-08-04,393301819.23,11194.18
2020-08-05,555395574.17,11752.05
2020-08-06,587033759.68,11771.27
2020-08-07,651142052.53,11603.82
2020-08-08,271582305.12,11770.77
2020-08-09,231830330.42,11686.34
2020-08-10,667803525.71,11897.41
2020-08-11,724227264.93,11389.01
2020-08-12,430758054.54,11570.19
2020-08-13,487564726.98,11790.68
2020-08-14,437825096.08,11774.52
2020-08-15,369258184.57,11860.91
2020-08-16,260716863.02,11917.97
2020-08-17,682170133.05,12301.19
2020-08-18,604246043.52,11956.69
2020-08-19,590122894.96,11760.37
2020-08-20,510502416.84,11863.43
2020-08-21,745059089.73,11527.35
2020-08-22,572197825.57,11670.42
2020-08-23,388308826.36,11651.52
2020-08-24,459366140.6,11756.4
2020-08-25,583786229.48,11330.56
2020-08-26,309986442.65,11466.89
2020-08-27,464957172.93,11331.02
2020-08-28,353027933.9,11535.21
2020-08-29,187746012.8,11480.48
2020-08-30,190649396.2,11716.54
2020-08-31,307926585.75,11657.81
2020-09-01,537292263.85,11926.69
2020-09-02,618129314.2,11397.9
2020-09-03,894736678.62,10174.62
2020-09-04,562742223.01,10467.33
2020-09-05,614402772.13,10167.97
2020-09-06,300644746.65,10260.37
2020-09-07,422137373.09,10379.08
2020-09-08,553186747.41,10128.54
2020-09-09,346738492.44,10228.85
2020-09-10,452098495.16,10345.68
2020-09-11,266084892.24,10398.5
2020-09-12,184001054.5,10448.0
2020-09-13,299956975.1,10332.36
2020-09-14,359274837.28,10678.31
2020-09-15,369481767.48,10786.7
2020-09-16,372894154.99,10957.1
2020-09-17,293584349.54,10945.14
2020-09-18,248821618.73,10937.89
2020-09-19,193207449.76,11083.61
2020-09-20,237773866.86,10921.85
2020-09-21,473754186.1,10418.14
2020-09-22,301280976.85,10534.73
2020-09-23,277589382.46,10238.09
2020-09-24,304956298.0,10742.98
2020-09-25,360929423.35,10694.12
2020-09-26,148097714.06,10734.23
2020-09-27,148127427.26,10781.47
2020-09-28,350615325.76,10699.0
2020-09-29,334584439.48,10841.29
2020-09-30,317604086.65,10779.42
2020-10-01,422940486.72,10622.79
2020-10-02,355424408.51,10576.64
2020-10-03,110570157.37,10552.04
2020-10-04,111420779.07,10675.52
2020-10-05,255950434.22,10795.11
2020-10-06,329346366.4,10603.9
2020-10-07,208253472.75,10672.67
2020-10-08,423807796.12,10929.4
2020-10-09,359802403.01,11058.78
2020-10-10,296925751.27,11301.57
2020-10-11,202131016.49,11375.51
2020-10-12,478557074.68,11539.76
2020-10-13,383360256.66,11427.29
2020-10-14,259711904.03,11429.3
2020-10-15,377801262.9,11508.31
2020-10-16,332320579.31,11326.25
2020-10-17,112306061.3,11367.65
2020-10-18,131886570.58,11513.33
2020-10-19,456404609.75,11756.88
2020-10-20,576128149.71,11921.78
2020-10-21,1296152945.69,12813.11
2020-10-22,739591002.3,12990.25
2020-10-23,416662855.54,12937.2
2020-10-24,273005904.67,13126.13
2020-10-25,368884232.62,13041.21
2020-10-26,460984686.3,13069.43
2020-10-27,603406480.39,13646.02
2020-10-28,434942187.78,13285.97
2020-10-29,555737562.11,13462.18
2020-10-30,756044940.71,13565.95
2020-10-31,600104833.89,13803.41
2020-11-01,286724152.06,13761.72
2020-11-02,453096297.52,13571.24
2020-11-03,300271386.78,14023.78
2020-11-04,423118194.37,14157.73
2020-11-05,625288741.44,15599.92
2020-11-06,538014394.46,15590.62
2020-11-07,388303730.2,14838.16
2020-11-08,285202500.11,15488.25
2020-11-09,492570531.42,15335.03
2020-11-10,352628988.82,15313.73
2020-11-11,717920492.19,15707.08
2020-11-12,1074746061.94,16306.53
2020-11-13,694320640.17,16332.85
2020-11-14,452657737.75,16075.95
2020-11-15,286912254.78,15964.7
2020-11-16,685608661.41,16721.46
2020-11-17,1072294334.69,17681.54
2020-11-18,1441862086.0,17786.27
2020-11-19,859856045.56,17824.64
2020-11-20,939934212.29,18672.78
2020-11-21,705040526.65,18704.06
2020-11-22,796767991.89,18430.59
2020-11-23,902518528.75,18385.74
2020-11-24,1403472685.29,19157.16
2020-11-25,1141495120.46,18725.76
2020-11-26,2220672632.83,17175.86
2020-11-27,1034426524.1,17155.0
2020-11-28,605284901.68,17739.9
2020-11-29,489679989.73,18199.23
2020-11-30,1493787961.07,19686.87
2020-12-01,1743191338.61,18792.03
2020-12-02,903817773.96,19226.19
2020-12-03,747088833.15,19448.44
2020-12-04,804366524.28,18665.0
2020-12-05,388466883.76,19156.84
2020-12-06,405708588.31,19378.94
2020-12-07,477334574.93,19181.41
2020-12-08,866543428.89,18323.52
2020-12-09,1057335071.17,18549.92
2020-12-10,684802762.09,18250.47
2020-12-11,809318887.79,18034.86
2020-12-12,484239535.46,18814.98
2020-12-13,592021817.57,19169.05
2020-12-14,456841099.92,19274.69
2020-12-15,819839290.04,19441.96
2020-12-16,1949841494.52,21352.13
2020-12-17,3194654467.93,22822.17
2020-12-18,1362467582.47,23135.57
2020-12-19,1268054141.3,23844.72
2020-12-20,1014224949.67,23467.06
2020-12-21,1750627321.07,22727.13
2020-12-22,1149767378.59,23823.32
2020-12-23,1552020951.78,23239.5
2020-12-24,923848542.66,23724.2
2020-12-25,1199894883.01,24707.98
2020-12-26,1611547513.19,26445.7
2020-12-27,2463390777.21,26249.27
2020-12-28,1402005893.58,27039.45
2020-12-29,1479551411.61,27360.78
2020-12-30,1993721842.2,28889.61
2020-12-31,1924969475.46,28972.4
2021-01-01,1487306218.52,29388.94
2021-01-02,3750440817.91,32203.64
2021-01-03,3132759314.54,33063.48
2021-01-04,3901979149.92,32030.55
2021-01-05,3037657026.2,34038.29
2021-01-06,3788317475.74,36849.86
2021-01-07,4753170180.55,39479.41
2021-01-08,4705592327.36,40636.24
2021-01-09,2241901362.12,40236.66
2021-01-10,3983391028.78,38202.08
2021-01-11,8100819368.26,35496.03
2021-01-12,3999535589.05,34058.4
2021-01-13,3198683391.78,37380.85
2021-01-14,2895085049.06,39155.58
2021-01-15,3288447634.87,36790.17
2021-01-16,1995053500.31,36025.26
2021-01-17,1806688237.48,35839.51
2021-01-18,1554686784.02,36623.04
2021-01-19,1787957383.29,35932.79
2021-01-20,2316775667.92,35501.38
2021-01-21,4042427455.09,30840.3
2021-01-22,3418228006.19,33008.02
2021-01-23,1287618530.17,32107.29
2021-01-24,1079875602.62,32283.66
2021-01-25,1989618039.07,32275.27
2021-01-26,1909630282.43,32516.52
2021-01-27,3149650799.32,30423.05
2021-01-28,2463162479.45,33443.87
2021-01-29,6015929349.68,34252.08
2021-01-30,1574213551.44,34317.82
2021-01-31,1176981986.93,33143.22
2021-02-01,1623291067.04,33535.94
2021-02-02,1789698965.07,35524.43
2021-02-03,2340630205.42,37677.34
2021-02-04,2767003411.51,36983.42
2021-02-05,1705038314.0,38310.24
2021-02-06,2642530408.41,39267.01
2021-02-07,2076904733.5,38868.82
2021-02-08,5944522159.67,46437.41
2021-02-09,4610214635.38,46509.57
2021-02-10,3326890835.4,44854.95
2021-02-11,3377367971.59,48006.18
2021-02-12,2831634659.58,47435.54
2021-02-13,1571324550.44,47222.32
2021-02-14,1841963034.08,48652.87
2021-02-15,2502097939.18,47936.51
2021-02-16,3237085085.6,49184.63
2021-02-17,3423930178.2,52154.91
2021-02-18,2205232619.94,51591.61
2021-02-19,3893034056.64,55933.47
2021-02-20,2974872569.57,55900.84
2021-02-21,1934005633.01,57469.95
2021-02-22,6995162441.1,54121.17
2021-02-23,8016450648.12,48898.7
2021-02-24,3729774704.65,49738.17
2021-02-25,3643008748.86,47082.87
2021-02-26,4204800171.81,46324.5
2021-02-27,1831237567.32,46191.39
2021-02-28,2776726256.13,45261.03
2021-03-01,3146266419.71,49635.07
2021-03-02,2105387914.68,48501.21
2021-03-03,2615513552.66,50392.55
2021-03-04,3024053725.58,48363.74
2021-03-05,2907395734.68,48775.37
2021-03-06,1214194643.85,48892.8
2021-03-07,1658558074.88,50964.18
2021-03-08,2445827949.75,52405.02
2021-03-09,2898199576.25,54928.7
2021-03-10,3898251700.72,55893.31
2021-03-11,3340389094.49,57809.41
2021-03-12,3079097934.08,57256.22
2021-03-13,3439594034.95,61179.79
2021-03-14,2105197604.06,58998.89
2021-03-15,4297382088.92,55665.01
2021-03-16,3441195999.4,56925.01
2021-03-17,3493543493.16,58909.0
2021-03-18,3178687259.25,57643.32
2021-03-19,2397999967.37,58060.21
2021-03-20,1687922804.56,58101.34
2021-03-21,1958214099.07,57374.95
2021-03-22,2865346861.49,54095.36
2021-03-23,2444787014.61,54355.45
2021-03-24,3420695083.54,52303.02
2021-03-25,3617760373.16,51336.09
2021-03-26,2461374478.26,55055.43
2021-03-27,1514783182.02,55863.73
2021-03-28,1345583216.95,55781.01
2021-03-29,2950020309.68,57626.1
2021-03-30,2064647135.86,58781.54
2021-03-31,2727194335.71,58793.8
2021-04-01,1648724834.05,58730.82
2021-04-02,1765524921.41,58987.8
2021-04-03,1470430519.81,57074.97
2021-04-04,1093079652.2,58219.43
2021-04-05,1439529332.47,59119.56
2021-04-06,1535666142.46,58010.35
2021-04-07,2855410824.81,55951.98
2021-04-08,1458096433.7,58084.46
2021-04-09,1241735091.75,58106.85
2021-04-10,2322058695.22,59784.8
2021-04-11,1218894531.01,59980.45
2021-04-12,1913098388.79,59845.76
2021-04-13,3299086696.94,63558.48
2021-04-14,4066819695.96,62964.27
2021-04-15,2146219571.03,63233.03
2021-04-16,3544777400.64,61416.41
2021-04-17,2093039585.66,60056.07
2021-04-18,6264051811.58,56246.82
2021-04-19,2732647682.18,55680.11
2021-04-20,3091319805.6,56496.06
2021-04-21,2312255459.33,53803.25
2021-04-22,4488994737.96,51717.61
2021-04-23,5241192198.03,51178.03
2021-04-24,1695108976.06,50115.99
2021-04-25,2176241676.28,49120.97
2021-04-26,3254396664.97,54062.29
2021-04-27,2220077233.11,55073.48
2021-04-28,2339383717.48,54877.94
2021-04-29,2359198137.55,53581.58
2021-04-30,2719315702.2,57757.97
2021-05-01,1511783659.93,57843.16
2021-05-02,1230710822.31,56623.51
2021-05-03,2371465902.34,57195.07
2021-05-04,3556756117.3,53244.07
2021-05-05,3200062630.96,57506.88
2021-05-06,2878647496.02,56441.94
2021-05-07,2439662460.45,57374.33
2021-05-08,2211507566.18,58943.13
2021-05-09,2645394205.33,58294.18
2021-05-10,4067497161.41,55870.01
2021-05-11,2395231325.24,56747.52
2021-05-12,4035173480.67,49504.08
2021-05-13,5919941739.84,49700.6
2021-05-14,2156016499.66,49887.96
2021-05-15,2591003797.63,46775.29
2021-05-16,3693969204.75,46490.71
2021-05-17,5896147491.21,43552.14
2021-05-18,3159184422.64,42886.02
2021-05-19,11120220854.77,36771.87
2021-05-20,5531454912.79,40597.4
2021-05-21,4573692788.95,37350.39
2021-05-22,2808008188.27,37491.5
2021-05-23,4494413873.1,34716.84
2021-05-24,3981461441.04,38837.76
2021-05-25,2529569055.97,38387.36
2021-05-26,2607759779.42,39295.08
2021-05-27,1804036815.09,38538.84
2021-05-28,3104364367.82,35680.92
2021-05-29,2127790128.94,34611.58
2021-05-30,1325408340.1,35662.59
2021-05-31,1821662523.97,37290.83
2021-06-01,1626268789.21,36683.51
2021-06-02,1494571249.19,37576.98
2021-06-03,1586641442.02,39229.66
2021-06-04,1837944242.33,36861.5
2021-06-05,1444088532.56,35538.4
2021-06-06,986275148.28,35798.57
2021-06-07,1850311020.63,33582.86
2021-06-08,2890313261.68,33409.38
2021-06-09,3249553573.38,37391.58
2021-06-10,2338112083.52,36680.78
2021-06-11,1596038876.7,37339.98
2021-06-12,1450138289.51,35541.78
2021-06-13,1727291768.5,39017.37
2021-06-14,2740589573.6,40526.63
2021-06-15,1943860792.12,40161.86
2021-06-16,1883613058.48,38345.41
2021-06-17,1599770630.8,38082.3
2021-06-18,2207651943.63,35830.29
2021-06-19,1601193146.33,35515.38
2021-06-20,1964614466.35,35602.26
2021-06-21,3650731161.39,31652.62
2021-06-22,4060734244.07,32537.58
2021-06-23,2037061709.14,33678.64
2021-06-24,1311147481.02,34649.84
2021-06-25,3027434524.39,31593.86
2021-06-26,1826363014.48,32307.35
2021-06-27,2002954688.79,34713.81
2021-06-28,1424168416.33,34487.11
2021-06-29,1578253520.29,35901.41
2021-06-30,1388243727.19,35056.39
2021-07-01,1238732543.23,33543.11
2021-07-02,1102040372.36,33804.54
2021-07-03,595117204.83,34682.84
2021-07-04,563891553.21,35287.97
2021-07-05,1072690410.4,33702.79
2021-07-06,1123145329.6,34237.66
2021-07-07,752074468.65,33880.79
2021-07-08,1573967671.27,32874.01
2021-07-09,853165387.13,33804.2
2021-07-10,651899496.99,33515.13
2021-07-11,533337900.01,34249.3
2021-07-12,1039311244.06,33088.51
2021-07-13,837278173.94,32737.47
2021-07-14,883070516.73,32820.5
2021-07-15,1073939852.55,31867.46
2021-07-16,812765644.4,31401.76
2021-07-17,881285396.92,31546.64
2021-07-18,796652696.45,31806.3
2021-07-19,1179342118.61,30847.55
2021-07-20,1291958152.32,29795.55
2021-07-21,1538668590.41,32139.48
2021-07-22,785311959.3,32299.47
2021-07-23,765209760.41,33637.92
2021-07-24,686017155.75,34282.56
2021-07-25,781929775.48,35369.93
2021-07-26,3840983132.28,37269.52
2021-07-27,2197490232.78,39496.69
2021-07-28,2662886395.8,40030.01
2021-07-29,1257968294.92,40030.52
2021-07-30,1698014609.78,42231.83
2021-07-31,1056705603.97,41474.72
2021-08-01,1385907257.88,39870.76
2021-08-02,1308894644.03,39158.53
2021-08-03,1466921591.54,38189.3
2021-08-04,1318983897.48,39738.56
2021-08-05,2357831521.97,40888.18
2021-08-06,2009167763.65,42852.18
2021-08-07,2199730007.61,44617.96
2021-08-08,1745878741.47,43827.75
2021-08-09,2219734084.88,46292.61
2021-08-10,1609844198.85,45601.03
2021-08-11,1421598811.69,45556.69
2021-08-12,1588850342.27,44425.52
2021-08-13,1595718853.28,47832.93
2021-08-14,1120499538.82,47102.03
2021-08-15,836663894.85,47015.94
2021-08-16,1332377363.69,45927.4
2021-08-17,1700658063.3,44684.43
2021-08-18,1377529230.43,44714.54
2021-08-19,1511027965.43,46761.49
2021-08-20,1742574002.38,49336.45
2021-08-21,1125508731.91,48867.87
2021-08-22,822323898.98,49289.71
2021-08-23,1515250474.77,49521.06
2021-08-24,1399185980.56,47690.54
2021-08-25,1208134772.96,48996.44
2021-08-26,1618461768.41,46852.22
2021-08-27,1331637984.84,49088.1
2021-08-28,626553869.3,48918.9
2021-08-29,924625515.76,48794.26
2021-08-30,1392617744.31,46993.31
2021-08-31,1418199668.83,47159.26
2021-09-01,1520961266.36,48840.01
2021-09-02,1615790894.94,49280.77
2021-09-03,1926045807.12,50019.51
2021-09-04,839888927.54,49935.29
2021-09-05,1084416553.08,51784.16
2021-09-06,1328373298.0,52693.32
2021-09-07,4055873734.71,46856.31
2021-09-08,2105187289.07,46073.45
2021-09-09,1499767099.51,46392.85
2021-09-10,1631276774.64,44853.1
2021-09-11,662298068.85,45166.12
2021-09-12,747181260.09,46049.72
2021-09-13,1909473369.72,44958.56
2021-09-14,1237183544.6,47129.01
2021-09-15,1282942628.56,48148.45
2021-09-16,1229076140.65,47764.47
2021-09-17,899242093.44,47297.98
2021-09-18,761079785.11,48312.46
2021-09-19,668723282.36,47251.76
2021-09-20,2849781014.82,42925.46
2021-09-21,2972565920.07,40709.59
2021-09-22,1807576533.35,43576.15
2021-09-23,1522818255.74,44893.87
2021-09-24,2565373998.35,42848.41
2021-09-25,767641976.96,42721.91
2021-09-26,1187820024.18,43201.79
2021-09-27,1140232492.25,42187.51
2021-09-28,1335757058.57,41056.79
2021-09-29,1100252801.68,41539.43
2021-09-30,1469981944.79,43829.34
2021-10-01,2498575570.28,48164.35
2021-10-02,769022184.37,47669.02
2021-10-03,895606844.23,48234.05
2021-10-04,1664027525.19,49276.91
2021-10-05,2049372160.16,51504.27
2021-10-06,3444996109.53,55345.85
2021-10-07,1836529821.85,53797.21
2021-10-08,1592265868.06,53949.29
2021-10-09,799607238.61,54968.04
2021-10-10,1276001425.96,54700.24
2021-10-11,1805863526.52,57498.8
2021-10-12,1913353762.18,56010.9
2021-10-13,1906230334.0,57369.0
2021-10-14,1617497364.76,57359.21
2021-10-15,3737889743.83,61684.96
2021-10-16,1404879137.37,60877.77
2021-10-17,1414498881.98,61520.54
2021-10-18,3113486441.7,62038.16
2021-10-19,2706420467.09,64283.97
2021-10-20,2978059285.56,66021.02
2021-10-21,3962470063.85,62283.96
2021-10-22,2504718475.2,60693.59
2021-10-23,990360071.85,61313.09
2021-10-24,1158838824.68,60863.56
2021-10-25,1549308691.98,63089.04
2021-10-26,1738003094.57,60315.68
2021-10-27,2719093218.08,58464.42
2021-10-28,3090102767.38,60610.11
2021-10-29,2168021242.77,62282.5
2021-10-30,979987095.61,61891.91
2021-10-31,1181933822.61,61349.75
2021-11-01,1955088666.05,60960.98
2021-11-02,2260756044.28,63260.05
2021-11-03,1852233940.61,62929.93
2021-11-04,1420765190.91,61448.47
2021-11-05,1262030165.48,61019.66
2021-11-06,939530051.87,61529.76
2021-11-07,929571983.79,63302.78
2021-11-08,2614939972.01,67549.14
2021-11-09,2209551778.82,66939.24
2021-11-10,3365466815.36,64926.06
2021-11-11,1393819061.45,64820.8
2021-11-12,2090846686.0,64156.3
2021-11-13,815997863.99,64409.56
2021-11-14,947303706.23,65509.06
2021-11-15,1639253320.63,63614.06
2021-11-16,3740808475.72,60108.9
2021-11-17,2582737930.61,60365.6
2021-11-18,3718546724.95,56930.68
2021-11-19,2107344590.7,58136.22
2021-11-20,985075173.7,59769.66
2021-11-21,888045056.17,58700.83
2021-11-22,2371226089.18,56303.06
2021-11-23,2153848949.04,57566.6
2021-11-24,1630017073.7,57175.09
2021-11-25,1412787308.46,58966.99
2021-11-26,3312563227.95,53788.22
2021-11-27,1010585542.47,54805.03
2021-11-28,1186994646.57,57331.41
2021-11-29,1690005715.85,57839.55
2021-11-30,2383744473.31,56975.35
2021-12-01,2072824070.98,57227.97
2021-12-02,1712170975.38,56522.76
2021-12-03,2461497753.56,53663.25
2021-12-04,4315348557.56,49243.39
2021-12-05,2074283149.33,49465.5
2021-12-06,2437856119.9,50552.83
2021-12-07,1496164576.66,50633.01
2021-12-08,1290175070.3,50513.04
2021-12-09,1681556175.72,47593.85
2021-12-10,1905617871.17,47191.14
2021-12-11,1181186604.23,49398.4
2021-12-12,1072562349.4,50109.99
2021-12-13,2353893179.4,46731.03
2021-12-14,1646492085.28,48387.69
2021-12-15,2132679583.02,48885.05
2021-12-16,1271265804.99,47635.92
2021-12-17,1756062773.63,46164.14
2021-12-18,874187163.05,46861.62
2021-12-19,1035963939.83,46697.13
2021-12-20,1517599333.73,46913.54
2021-12-21,1546447524.57,48917.48
2021-12-22,1028434929.44,48614.97
2021-12-23,1525047125.27,50830.2
2021-12-24,1107244995.18,50840.36
2021-12-25,585818997.15,50431.63
2021-12-26,736617761.86,50790.88
2021-12-27,1120188136.96,50714.73
2021-12-28,1985905082.17,47536.39
2021-12-29,1599557104.64,46471.7
2021-12-30,1852206857.29,47129.66
2021-12-31,1636014399.31,46197.31
2022-01-01,786729972.03,47737.35
2022-01-02,615453426.93,47306.41
2022-01-03,1011309525.84,46450.79
2022-01-04,1349229422.84,45824.54
2022-01-05,2152187256.39,43432.51
2022-01-06,1585314774.47,43094.54
2022-01-07,2146452950.19,41543.79
2022-01-08,1143171232.86,41686.67
2022-01-09,901652458.82,41869.6
2022-01-10,2140270933.32,41832.59
2022-01-11,1545270650.68,42743.03
2022-01-12,1384575768.8,43919.67
2022-01-13,1263083590.1,42575.61
2022-01-14,1165100829.55,43089.83
2022-01-15,607715303.39,43088.74
2022-01-16,543620929.25,43100.36
2022-01-17,861459661.83,42224.38
2022-01-18,1099916846.37,42372.75
2022-01-19,1359832054.32,41674.8
2022-01-20,1482814889.83,40697.03
2022-01-21,3610621840.61,36469.3
2022-01-22,2419705021.17,35075.92
2022-01-23,1405386710.59,36288.15
2022-01-24,3289034581.3,36702.79
2022-01-25,1632275610.85,36975.99
2022-01-26,2163384356.61,36829.37
2022-01-27,1671118834.49,37189.85
2022-01-28,1439590445.61,37744.7
2022-01-29,913551592.58,38184.86
2022-01-30,658154943.17,37908.44
2022-01-31,1310842543.43,38494.66
2022-02-01,1255765239.87,38721.49
2022-02-02,1099971099.08,36918.19
2022-02-03,1012101574.73,37328.64
2022-02-04,1978064223.39,41590.34
2022-02-05,923755180.09,41418.21
2022-02-06,600848486.11,42412.41
2022-02-07,1836978530.57,43861.07
2022-02-08,1972336800.82,44080.12
2022-02-09,1207982275.77,44422.91
2022-02-10,2027452816.67,43531.67
2022-02-11,1694547021.08,42398.98
2022-02-12,747480841.84,42239.01
2022-02-13,525779246.0,42069.84
2022-02-14,1183004344.86,42552.28
2022-02-15,1210638166.2,44576.33
2022-02-16,905511530.54,43896.34
2022-02-17,1669164372.28,40545.09
2022-02-18,1308787736.51,39994.66
2022-02-19,467744109.72,40107.12
2022-02-20,890707081.68,38397.25
2022-02-21,1819938918.66,37037.39
2022-02-22,1605539398.15,38267.75
2022-02-23,1218156854.61,37270.85
2022-02-24,3367553842.97,38353.62
2022-02-25,1536575836.24,39239.77
2022-02-26,732995982.54,39134.83
2022-02-27,1184510440.64,37714.96
2022-02-28,2231772118.95,43189.46
2022-03-01,2121207162.06,44428.47
2022-03-02,1652867992.22,43935.37
2022-03-03,1565020513.9,42474.37
2022-03-04,2043287977.87,39154.4
2022-03-05,624289503.91,39407.02
2022-03-06,818379145.11,38428.92
2022-03-07,1547870219.6,38030.63
2022-03-08,1373819361.89,38748.52
2022-03-09,1960521974.24,41962.85
2022-03-10,1683595949.7,39443.42
2022-03-11,1527385235.35,38741.03
2022-03-12,464694957.41,38805.53
2022-03-13,687723583.56,37796.31
2022-03-14,1245884221.15,39696.28
2022-03-15,1196862773.71,39314.86
2022-03-16,2217384588.25,41133.64
2022-03-17,736387236.02,40956.79
2022-03-18,1310605069.99,41790.97
2022-03-19,638860853.99,42235.02
2022-03-20,647551620.15,41243.16
2022-03-21,897693606.33,41043.9
2022-03-22,1597913842.6,42380.11
2022-03-23,1116852856.74,42904.1
2022-03-24,1514036890.73,44006.77
2022-03-25,1529847572.88,44331.36
2022-03-26,513402297.27,44542.31
2022-03-27,1035071605.98,46842.14
2022-03-28,1697234773.76,47128.71
2022-03-29,1324122253.95,47445.3
2022-03-30,1158606188.62,47056.41
2022-03-31,1350600519.47,45522.65
2022-04-01,1558891962.07,46299.75
2022-04-02,765849775.02,45822.28
2022-04-03,809819360.86,46414.26
2022-04-04,1145480471.77,46609.36
2022-04-05,1118296319.71,45501.58
2022-04-06,1918395755.34,43177.78
2022-04-07,989892880.8,43466.21
2022-04-08,1098738940.21,42273.38
2022-04-09,384171498.87,42768.61
2022-04-10,549311405.43,42153.77
2022-04-11,1423397890.93,39536.71
2022-04-12,1087667635.69,40086.66
2022-04-13,990022174.31,41150.33
2022-04-14,870654332.34,39951.63
2022-04-15,561514975.78,40563.69
2022-04-16,313875941.14,40392.55
2022-04-17,389893199.53,39688.16
2022-04-18,1101204133.54,40811.03
2022-04-19,768239204.72,41504.44
2022-04-20,1072814871.19,41375.35
2022-04-21,1324052657.83,40490.97
2022-04-22,1154693915.31,39716.04
2022-04-23,455659637.8,39445.97
2022-04-24,501272140.43,39466.26
2022-04-25,1514243711.31,40437.52
2022-04-26,1492483889.14,38117.39
2022-04-27,1341340920.21,39252.04
2022-04-28,1188927763.73,39749.75
2022-04-29,964020058.19,38594.22
2022-04-30,525291276.33,37650.13
2022-05-01,659030267.75,38480.53
2022-05-02,1152557748.76,38513.01
2022-05-03,1095654277.96,37725.38
2022-05-04,1426469839.29,39680.21
2022-05-05,1920976838.73,36546.86
2022-05-06,1682230363.22,36009.89
2022-05-07,713980596.97,35469.21
2022-05-08,1413921299.77,34033.77
2022-05-09,3472851115.69,30076.9
2022-05-10,3244062170.09,31013.12
2022-05-11,3967102738.94,29017.21
2022-05-12,4501368166.33,28915.72
2022-05-13,1942170683.15,29244.83
2022-05-14,845013800.63,30050.31
2022-05-15,810199953.22,31296.11
2022-05-16,1242326194.24,29838.5
2022-05-17,1000070390.57,30415.91
2022-05-18,1322816665.45,28667.29
2022-05-19,1453211639.97,30282.48
2022-05-20,1692088244.46,29166.15
2022-05-21,462392582.18,29410.72
2022-05-22,639923811.62,30264.29
2022-05-23,1147137210.63,29075.68
2022-05-24,826118559.89,29630.05
2022-05-25,800315804.06,29508.27
2022-05-26,1314694988.34,29188.71
2022-05-27,1054644721.04,28597.33
2022-05-28,365397751.75,29013.53
2022-05-29,374906552.33,29452.23
2022-05-30,1426112899.49,31716.41
2022-05-31,1028808882.28,31782.16
2022-06-01,1343136773.16,29789.58
2022-06-02,932339972.84,30439.63
2022-06-03,734000142.92,29680.3
2022-06-04,310298122.38,29845.48
2022-06-05,311392830.2,29897.9
2022-06-06,1076503583.85,31353.78
2022-06-07,1340573593.65,31111.75
2022-06-08,844411303.8,30189.27
2022-06-09,620735850.86,30082.94
2022-06-10,1133049950.35,29067.38
2022-06-11,696986226.28,28389.49
2022-06-12,1060464718.45,26587.35
2022-06-13,4089411013.33,22471.59
2022-06-14,2063908671.45,22118.37
2022-06-15,2516136880.34,22566.73
2022-06-16,1326876814.5,20372.85
2022-06-17,1312456705.74,20432.26
2022-06-18,1898530847.49,18954.25
2022-06-19,1190970309.62,20553.48
2022-06-20,995940744.76,20550.91
2022-06-21,954292227.72,20699.21
2022-06-22,1027725806.49,19956.16
2022-06-23,836636021.34,21098.41
2022-06-24,850728330.88,21219.46
2022-06-25,459148971.07,21474.19
2022-06-26,445023789.79,21031.85
2022-06-27,643546203.12,20718.16
2022-06-28,680727935.72,20251.96
2022-06-29,751143299.02,20094.16
2022-06-30,1084138608.25,19908.49
2022-07-01,1220917103.86,19249.33
2022-07-02,393018265.78,19225.66
2022-07-03,430213883.45,19294.21
2022-07-04,623812499.17,20212.81
2022-07-05,931653558.35,20158.69
2022-07-06,794040793.32,20545.04
2022-07-07,1059807101.57,21611.8
2022-07-08,1233183200.22,21592.65
2022-07-09,455218724.75,21582.17
2022-07-10,485593616.02,20846.53
2022-07-11,756481179.49,19944.25
2022-07-12,873486517.39,19309.71
2022-07-13,1176644137.94,20230.81
2022-07-14,1021414563.11,20577.38
2022-07-15,747216252.44,20827.27
2022-07-16,586102523.47,21199.01
2022-07-17,544609266.04,20792.81
2022-07-18,1466428849.49,22447.39
2022-07-19,1796378775.92,23399.91
2022-07-20,1752951921.32,23222.77
2022-07-21,1201004931.31,23153.54
2022-07-22,987692728.11,22686.32
2022-07-23,577941932.27,22452.14
2022-07-24,504031294.93,22585.4
2022-07-25,940453686.83,21305.59
2022-07-26,809969148.7,21258.08
2022-07-27,1159394788.9,22960.19
2022-07-28,1303025378.67,23855.65
2022-07-29,1011106548.39,23769.15
2022-07-30,778025187.47,23646.03
2022-07-31,545406548.92,23308.14
2022-08-01,730342406.93,23271.57
2022-08-02,787698099.6,22991.49
2022-08-03,1039306431.63,22825.25
2022-08-04,835033359.1,22622.99
2022-08-05,1166014614.12,23319.22
2022-08-06,400822462.12,22956.4
2022-08-07,388274452.92,23179.86
2022-08-08,976262666.12,23817.72
2022-08-09,894336181.98,23156.66
2022-08-10,1241926276.36,23959.67
2022-08-11,1338354341.04,23943.36
2022-08-12,816924712.5,24412.17
2022-08-13,710217434.56,24449.86
2022-08-14,886604908.12,24313.71
2022-08-15,1331189946.12,24101.69
2022-08-16,874700819.79,23858.64
2022-08-17,1079499588.63,23338.03
2022-08-18,582346641.96,23201.51
2022-08-19,1770449474.07,20833.43
2022-08-20,803223608.15,21142.06
2022-08-21,650828688.99,21514.79
2022-08-22,940511413.54,21399.66
2022-08-23,879396196.46,21520.62
2022-08-24,912147556.2,21369.05
2022-08-25,674553131.93,21565.47
2022-08-26,1564850841.73,20247.99
2022-08-27,774590756.91,20038.42
2022-08-28,597441164.24,19554.08
2022-08-29,1043661877.31,20292.37
2022-08-30,1405744450.56,19813.51
2022-08-31,1165077708.26,20050.28
2022-09-01,896421556.74,20129.93
2022-09-02,836881983.68,19957.44
2022-09-03,339922228.57,19834.79
2022-09-04,387149235.82,20003.46
2022-09-05,518213568.45,19793.29
2022-09-06,1428040857.48,18791.95
2022-09-07,961396794.5,19287.52
2022-09-08,850349370.86,19321.77
2022-09-09,1657848347.88,21369.73
2022-09-10,752905078.21,21655.13
2022-09-11,600008216.45,21836.45
2022-09-12,1264510737.92,22400.52
2022-09-13,1788207293.16,20173.77
2022-09-14,1065222653.27,20233.68
2022-09-15,892897629.94,19700.15
2022-09-16,948028635.91,19804.02
2022-09-17,723991455.67,20118.35
2022-09-18,622064584.36,19417.72
2022-09-19,1289079956.8,19541.28
2022-09-20,1124075891.27,18879.95
2022-09-21,1811417134.73,18468.05
2022-09-22,1827681691.12,19405.96
2022-09-23,1261371285.29,19291.13
2022-09-24,566563739.62,18924.39
2022-09-25,544445399.91,18809.94
2022-09-26,1874981288.59,19230.96
2022-09-27,2089386131.83,19081.4
2022-09-28,1792918120.6,19412.67
2022-09-29,1327829608.79,19593.46
2022-09-30,1428753976.44,19425.63
2022-10-01,286091612.81,19313.96
2022-10-02,485799328.96,19058.15
2022-10-03,1106456268.73,19632.35
2022-10-04,1290593290.94,20344.58
2022-10-05,1195512448.37,20160.74
2022-10-06,1502842418.9,19965.12
2022-10-07,1177831670.26,19532.81
2022-10-08,339438324.44,19419.32
2022-10-09,386265984.43,19442.41
2022-10-10,856332007.87,19131.36
2022-10-11,1173375200.58,19058.29
2022-10-12,744262154.09,19154.85
2022-10-13,1669767296.93,19378.91
2022-10-14,1445859713.35,19182.01
2022-10-15,290658263.23,19069.72
2022-10-16,303391318.02,19264.26
2022-10-17,831592233.83,19550.49
2022-10-18,1167039781.8,19330.29
2022-10-19,943284685.97,19123.89
2022-10-20,1244652119.42,19043.54
2022-10-21,1191982244.05,19166.4
2022-10-22,314703377.71,19207.57
2022-10-23,607568457.44,19572.6
2022-10-24,1228052555.79,19331.06
2022-10-25,2052122456.45,20087.18
2022-10-26,2453067543.31,20776.76
2022-10-27,1813055358.34,20295.28
2022-10-28,1597589795.85,20599.89
2022-10-29,1219658735.57,20820.19
2022-10-30,797587682.85,20630.65
2022-10-31,1260610163.71,20492.56
2022-11-01,997276692.3,20480.27
2022-11-02,1861306372.17,20150.33
2022-11-03,1095711784.35,20207.99
2022-11-04,2037648086.91,21150.6
2022-11-05,706196028.56,21301.57
2022-11-06,586960236.65,20910.59
2022-11-07,1506814091.81,20593.73
2022-11-08,4026079371.74,18544.7
2022-11-09,4215919087.89,15820.02
2022-11-10,2835119228.72,17559.67
2022-11-11,1767514338.22,17007.72
2022-11-12,582536367.95,16773.9
2022-11-13,586182485.99,16307.47
2022-11-14,1384247874.05,16592.04
2022-11-15,1282932319.76,16879.14
2022-11-16,1075046774.52,16648.05
2022-11-17,650179026.0,16680.21
2022-11-18,753255014.89,16677.95
2022-11-19,282884885.11,16683.72
2022-11-20,470894190.07,16253.6
2022-11-21,1289350720.98,15760.19
2022-11-22,1184556737.9,16198.25
2022-11-23,1087435133.37,16590.98
2022-11-24,624934230.62,16588.46
2022-11-25,572460119.25,16508.33
2022-11-26,346443601.6,16451.53
2022-11-27,300543689.5,16420.87
2022-11-28,867757025.61,16207.01
2022-11-29,833578637.87,16431.79
2022-11-30,1460126671.64,17162.35
2022-12-01,978462617.82,16978.64
2022-12-02,771518084.81,17094.49
2022-12-03,419139334.98,16888.31
2022-12-04,508091945.23,17111.76
2022-12-05,1077884559.22,16966.84
2022-12-06,811906594.36,17086.52
2022-12-07,710367336.21,16837.85
2022-12-08,827814503.9,17226.02
2022-12-09,712368959.63,17126.85
2022-12-10,296657331.89,17129.19
2022-12-11,379827965.39,17094.83
2022-12-12,739369625.44,17208.66
2022-12-13,1407400841.45,17775.32
2022-12-14,1523737945.31,17801.37
2022-12-15,1200283423.38,17359.21
2022-12-16,1508594012.33,16658.44
2022-12-17,684665347.29,16780.55
2022-12-18,421765916.48,16742.74
2022-12-19,1050395879.84,16442.79
2022-12-20,1315229591.09,16901.12
2022-12-21,711271059.5,16821.13
2022-12-22,814340454.91,16816.01
2022-12-23,789038908.8,16780.97
2022-12-24,293139806.69,16837.16
2022-12-25,295850564.63,16829.1
2022-12-26,347724478.09,16916.07
2022-12-27,720956171.23,16700.54
2022-12-28,901583901.63,16540.47
2022-12-29,682471478.61,16631.24
2022-12-30,880260779.52,16599.47
2022-12-31,456998456.42,16531.31
2023-01-01,335220861.58,16613.87
2023-01-02,503360386.62,16670.08
2023-01-03,628582193.83,16670.16
2023-01-04,990689260.54,16846.82
2023-01-05,524511536.58,16825.87
2023-01-06,883642131.54,16946.16
2023-01-07,196915427.54,16942.73
2023-01-08,359149910.85,17115.81
2023-01-09,1271943559.93,17179.03
2023-01-10,997764944.91,17442.44
2023-01-11,1113334370.52,17938.0
2023-01-12,2252897545.61,18849.0
2023-01-13,1820146569.6,19932.05
2023-01-14,2223938908.13,20954.52
2023-01-15,924310249.74,20878.94
2023-01-16,1399257790.94,21188.92
2023-01-17,1181967488.8,21136.12
2023-01-18,1733563128.99,20678.47
2023-01-19,1141134569.38,21082.28
2023-01-20,1793127005.71,22676.2
2023-01-21,2212422402.47,22789.92
2023-01-22,1419749432.93,22714.99
2023-01-23,1622068993.43,22917.47
2023-01-24,1788469593.53,22637.8
2023-01-25,2010835832.21,23066.28
2023-01-26,1477492373.79,23009.15
2023-01-27,1499524205.45,23077.75
2023-01-28,465656885.65,23031.02
2023-01-29,1356557545.16,23747.26
2023-01-30,1699735992.01,22833.34
2023-01-31,1144361734.86,23129.7
2023-02-01,1166002955.1,23730.52
2023-02-02,1378661476.28,23470.8
2023-02-03,961229252.16,23437.21
2023-02-04,334962158.54,23332.1
2023-02-05,628865943.88,22940.79
2023-02-06,918256802.27,22761.44
2023-02-07,852489794.18,23252.78
2023-02-08,746102368.06,22961.13
2023-02-09,1626493846.29,21807.55
2023-02-10,1139170302.72,21634.86
2023-02-11,371394433.41,21862.19
2023-02-12,601407332.2,21790.14
2023-02-13,1271661452.37,21787.77
2023-02-14,1121665134.71,22208.56
2023-02-15,1636571319.77,24332.21
2023-02-16,2195432803.47,23533.22
2023-02-17,2024871806.46,24578.28
2023-02-18,550069111.96,24638.27
2023-02-19,1073608902.53,24287.53
2023-02-20,1341924666.63,24838.09
2023-02-21,1699888067.11,24450.5
2023-02-22,1707889533.14,24186.92
2023-02-23,1630064365.85,23941.1
2023-02-24,1610829236.2,23189.78
2023-02-25,569329617.92,23168.68
2023-02-26,632282012.46,23557.29
2023-02-27,1057863335.56,23492.86
2023-02-28,814380395.42,23137.23
2023-03-01,1070132297.9,23642.8
2023-03-02,813452928.16,23467.23
2023-03-03,1328714697.97,22360.92
2023-03-04,264342272.32,22353.23
2023-03-05,468467084.05,22434.09
2023-03-06,607585243.32,22410.79
2023-03-07,865083425.31,22201.44
2023-03-08,907354581.02,21704.74
2023-03-09,1584851678.8,20370.48
2023-03-10,2103890132.26,20206.71
2023-03-11,1416403424.21,20613.6
2023-03-12,1352204877.06,22183.71
2023-03-13,2198916015.73,24207.1
2023-03-14,2783419006.43,24757.56
2023-03-15,1826358018.09,24372.11
2023-03-16,1372954004.0,25049.83
2023-03-17,2554985216.53,27441.41
2023-03-18,1335463761.57,26973.46
2023-03-19,1337898482.67,28040.29
2023-03-20,1838684361.11,27807.05
2023-03-21,1282225223.57,28188.11
2023-03-22,2277940781.79,27316.18
2023-03-23,1769187941.89,28345.7
2023-03-24,1456957038.0,27493.01
2023-03-25,618098148.62,27492.83
2023-03-26,734596186.26,27995.16
2023-03-27,1256153698.38,27146.01
2023-03-28,997573892.51,27266.08
2023-03-29,1396887121.69,28355.7
2023-03-30,1666973949.92,28040.71
2023-03-31,1278854661.75,28474.62
2023-04-01,446928904.2,28468.49
2023-04-02,461356032.51,28187.85
2023-04-03,1328993515.18,27809.04
2023-04-04,911124090.2,28177.23
2023-04-05,1072312476.98,28180.06
2023-04-06,730428566.02,28043.49
2023-04-07,407205241.71,27927.8
2023-04-08,259437156.74,27953.93
2023-04-09,459285638.27,28340.68
2023-04-10,1211248945.3,29655.75
2023-04-11,1420381272.66,30226.45
2023-04-12,1094799669.68,29905.56
2023-04-13,967351995.59,30407.76
2023-04-14,1491399385.72,30491.71
2023-04-15,413221716.15,30321.55
2023-04-16,524392638.12,30322.37
2023-04-17,1037503329.39,29446.34
2023-04-18,1095189891.18,30395.53
2023-04-19,1600523152.28,28821.91
2023-04-20,1180562733.76,28248.11
2023-04-21,1207725781.37,27261.17
2023-04-22,479603472.21,27820.73
2023-04-23,504160726.43,27596.85
2023-04-24,940115640.57,27520.93
2023-04-25,876191270.4,28308.07
2023-04-26,2278451179.33,28432.89
2023-04-27,1850604653.99,29483.94
2023-04-28,1030276785.7,29339.99
2023-04-29,332020115.89,29251.2
2023-04-30,685897041.94,29236.81
2023-05-01,1246630368.83,28086.77
2023-05-02,927486609.7,28694.7
2023-05-03,1150554649.51,29041.65
2023-05-04,799149017.42,28865.72
2023-05-05,1039027772.96,29548.51
2023-05-06,713641803.94,28943.98
2023-05-07,480627306.93,28572.81
2023-05-08,1136175854.67,27783.42
2023-05-09,634693185.14,27680.21
2023-05-10,1162217682.96,27628.73
2023-05-11,802346192.21,26991.62
2023-05-12,1123450368.34,26807.09
2023-05-13,335722601.8,26788.88
2023-05-14,319668371.39,26931.44
2023-05-15,764041771.98,27176.27
2023-05-16,649282623.49,27036.57
2023-05-17,788279620.49,27406.21
2023-05-18,749234030.86,26823.31
2023-05-19,442561192.0,26888.42
2023-05-20,199050865.32,27118.54
2023-05-21,322799242.35,26755.17
2023-05-22,474287648.56,26855.4
2023-05-23,578611517.74,27224.7
2023-05-24,843296169.29,26326.17
2023-05-25,604389199.53,26480.21
2023-05-26,542617989.88,26719.7
2023-05-27,198605797.63,26872.59
2023-05-28,543751511.42,28077.57
2023-05-29,604161699.4,27746.07
2023-05-30,656814149.04,27703.56
2023-05-31,770131646.3,27220.17
2023-06-01,645324727.67,26825.73
2023-06-02,643162971.0,27251.14
2023-06-03,219785033.16,27078.3
2023-06-04,248793311.51,27125.24
2023-06-05,973121005.98,25740.46
2023-06-06,1007782393.96,27269.02
2023-06-07,816508052.84,26348.91
2023-06-08,401604313.0,26509.09
2023-06-09,439912147.38,26483.81
2023-06-10,809187356.13,25856.18
2023-06-11,341057974.45,25937.58
2023-06-12,441188405.58,25905.64
2023-06-13,599487905.69,25928.94
2023-06-14,684056303.1,25125.73
2023-06-15,824201465.11,25574.36
2023-06-16,715401866.52,26330.59
2023-06-17,331591669.75,26510.43
2023-06-18,248624880.04,26338.0
2023-06-19,477713441.96,26842.09
2023-06-20,1265530107.38,28319.35
2023-06-21,1710075101.48,30000.55
2023-06-22,1034077333.64,29892.81
2023-06-23,1263857697.39,30705.39
2023-06-24,399256498.04,30548.2
2023-06-25,410384145.76,30473.64
2023-06-26,656487409.95,30271.91
2023-06-27,683163079.08,30696.99
2023-06-28,577536151.3,30078.9
2023-06-29,654120553.86,30447.17
2023-06-30,1438707503.25,30471.06
2023-07-01,221634243.18,30590.76
2023-07-02,264438993.35,30617.66
2023-07-03,606995802.76,31160.24
2023-07-04,411450957.26,30774.39
2023-07-05,484235780.2,30503.07
2023-07-06,942103548.67,29907.98
2023-07-07,584908167.72,30349.69
2023-07-08,192238272.3,30294.36
2023-07-09,216124236.01,30171.49
2023-07-10,674592681.26,30421.04
2023-07-11,539220942.45,30626.62
2023-07-12,755704294.14,30385.22
2023-07-13,1314075890.88,31475.78
2023-07-14,1021600213.08,30331.09
2023-07-15,149344124.18,30298.45
2023-07-16,224532522.64,30248.17
2023-07-17,558752237.54,30147.68
2023-07-18,560798877.42,29863.79
2023-07-19,446435257.92,29918.6
2023-07-20,577250260.25,29809.61
2023-07-21,395907301.04,29911.46
2023-07-22,182484169.27,29791.61
2023-07-23,244328645.64,30085.68
2023-07-24,744538575.95,29181.04
2023-07-25,354541899.17,29226.63
2023-07-26,486510821.91,29352.06
2023-07-27,373268935.18,29217.05
2023-07-28,342975082.63,29316.82
2023-07-29,146316009.97,29358.76
2023-07-30,224246250.77,29283.34
2023-07-31,426457343.16,29231.47
2023-08-01,822433494.24,29699.74
2023-08-02,838251477.68,29163.69
2023-08-03,450334651.17,29177.75
2023-08-04,375805085.38,29078.51
2023-08-05,120051247.27,29050.34
2023-08-06,126689336.09,29046.16
2023-08-07,475156597.17,29182.16
2023-08-08,786792606.34,29770.51
2023-08-09,532770863.32,29566.47
2023-08-10,375142806.93,29428.1
2023-08-11,310027638.11,29403.56
2023-08-12,102819295.5,29417.08
2023-08-13,115373186.78,29281.55
2023-08-14,362522208.47,29409.22
2023-08-15,299026558.28,29171.23
2023-08-16,479152538.98,28702.8
2023-08-17,1394530695.43,26629.67
2023-08-18,888090076.41,26049.69
2023-08-19,265159375.46,26095.8
2023-08-20,192271431.08,26191.01
2023-08-21,430024076.12,26126.18
2023-08-22,514473682.56,26043.01
2023-08-23,672652092.31,26429.4
2023-08-24,449180401.68,26166.22
2023-08-25,489263026.85,26051.29
2023-08-26,93024725.64,26010.35
2023-08-27,107924452.3,26091.32
2023-08-28,302943657.3,26106.0
2023-08-29,1089036684.85,27724.41
2023-08-30,520197058.0,27305.41
2023-08-31,741278108.53,25937.29
2023-09-01,639696809.37,25798.79
2023-09-02,181289556.36,25868.56
2023-09-03,160541183.85,25971.37
2023-09-04,228454428.06,25816.24
2023-09-05,280146729.52,25785.01
2023-09-06,390027105.24,25751.71
2023-09-07,491838528.79,26264.75
2023-09-08,482397556.59,25907.13
2023-09-09,105931726.4,25898.41
2023-09-10,217583144.54,25833.67
2023-09-11,619642052.88,25157.07
2023-09-12,937711286.48,25840.34
2023-09-13,495397769.94,26227.49
2023-09-14,649517751.61,26533.66
2023-09-15,459310066.65,26605.49
2023-09-16,187703875.45,26569.13
2023-09-17,151125765.17,26533.12
2023-09-18,797114111.3,26767.82
2023-09-19,670630172.73,27219.02
2023-09-20,581302466.15,27126.4
2023-09-21,559336631.68,26567.47
2023-09-22,408613785.26,26583.16
2023-09-23,139605320.21,26585.41
2023-09-24,260953441.64,26261.44
2023-09-25,518905094.49,26297.93
2023-09-26,338286231.16,26212.59
2023-09-27,638562791.04,26360.2
2023-09-28,827813877.45,27027.2
2023-09-29,585322764.87,26909.4
2023-09-30,195916128.74,26964.27
2023-10-01,464200302.08,27994.51
2023-10-02,1198411956.48,27507.22
2023-10-03,620603083.21,27428.66
2023-10-04,497243557.18,27789.8
2023-10-05,696054430.54,27414.59
2023-10-06,701648471.47,27946.61
2023-10-07,205394649.0,27973.69
2023-10-08,238690010.87,27933.57
2023-10-09,603964078.09,27598.77
2023-10-10,511109469.33,27395.4
2023-10-11,821395574.15,26871.21
2023-10-12,438531983.5,26756.23
2023-10-13,496779424.55,26862.9
2023-10-14,157685357.78,26854.52
2023-10-15,297110024.59,27177.41
2023-10-16,1884462991.7,28518.37
2023-10-17,739741149.31,28409.46
2023-10-18,682875511.71,28328.07
2023-10-19,730081363.3,28733.78
2023-10-20,1241026952.55,29684.37
2023-10-21,467626116.49,29924.08
2023-10-22,414432274.92,30001.44
2023-10-23,2308556876.22,33084.08
2023-10-24,2559949343.79,33923.52
2023-10-25,1481128342.82,34503.4
2023-10-26,1248469956.72,34157.06
2023-10-27,1044635721.14,33907.7
2023-10-28,371696781.35,34090.05
2023-10-29,469534963.71,34535.38
2023-10-30,825552244.82,34494.56
2023-10-31,756326173.72,34657.73
2023-11-01,1190955576.06,35439.76
2023-11-02,1097011932.14,34947.15
2023-11-03,960199464.71,34732.28
2023-11-04,377653497.47,35086.09
2023-11-05,533016306.01,35039.47
2023-11-06,613732584.95,35054.59
2023-11-07,1012278827.62,35421.85
2023-11-08,937630450.49,35638.33
2023-11-09,2296501186.4,36704.14
2023-11-10,1206040827.09,37321.51
2023-11-11,553215494.09,37142.22
2023-11-12,345567975.97,37079.76
2023-11-13,897671274.64,36482.51
2023-11-14,1219819360.84,35551.21
2023-11-15,1436101057.95,37884.19
2023-11-16,1428319260.74,36162.42
2023-11-17,1027029255.11,36626.32
2023-11-18,316037508.01,36591.19
2023-11-19,430198062.65,37388.64
2023-11-20,1162294169.25,37476.66
2023-11-21,1579350547.76,35758.72
2023-11-22,1335151412.8,37424.2
2023-11-23,626668140.1,37299.18
2023-11-24,1322597274.57,37737.05
2023-11-25,312424824.64,37801.92
2023-11-26,478214999.45,37460.21
2023-11-27,914744666.52,37246.29
2023-11-28,1265755538.49,37836.63
2023-11-29,1041457987.13,37861.9
2023-11-30,637264648.28,37729.58
2023-12-01,1268612412.23,38699.84
2023-12-02,677167721.21,39469.35
2023-12-03,638707315.07,39980.93
2023-12-04,2012390115.57,41984.41
2023-12-05,2234743414.43,44089.06
2023-12-06,1715623988.73,43771.01
2023-12-07,1320509439.92,43285.02
2023-12-08,1292562850.41,44186.18
2023-12-09,662982186.27,43723.0
2023-12-10,503801762.3,43791.67
2023-12-11,2446801856.72,41235.58
2023-12-12,1305859570.88,41472.94
2023-12-13,1517574126.2,42887.55
2023-12-14,1460749070.58,43030.6
2023-12-15,1065004798.33,41939.16
2023-12-16,570286280.98,42243.26
2023-12-17,772939037.53,41349.42
2023-12-18,1362661202.35,42650.27
2023-12-19,1318306822.38,42268.08
2023-12-20,1805958609.9,43669.91
2023-12-21,1306652594.38,43875.01
2023-12-22,1084076406.5,44008.04
2023-12-23,479555333.8,43732.75
2023-12-24,621424795.87,43023.12
2023-12-25,639501515.36,43593.79
2023-12-26,1297798884.96,42517.32
2023-12-27,1178861473.09,43469.34
2023-12-28,1249335317.05,42588.94
2023-12-29,1450476730.93,42073.59
2023-12-30,905852574.49,42146.03
2023-12-31,912867128.16,42280.14
